-- phpMyAdmin SQL Dump
-- version 4.5.1
-- http://www.phpmyadmin.net
--
-- 主機: 127.0.0.1
-- 產生時間： 2016-12-11 03:10:44
-- 伺服器版本: 10.1.16-MariaDB
-- PHP 版本： 5.6.24

SET SQL_MODE = "NO_AUTO_VALUE_ON_ZERO";
SET time_zone = "+00:00";


/*!40101 SET @OLD_CHARACTER_SET_CLIENT=@@CHARACTER_SET_CLIENT */;
/*!40101 SET @OLD_CHARACTER_SET_RESULTS=@@CHARACTER_SET_RESULTS */;
/*!40101 SET @OLD_COLLATION_CONNECTION=@@COLLATION_CONNECTION */;
/*!40101 SET NAMES utf8mb4 */;

--
-- 資料庫： `happytea`
--

-- --------------------------------------------------------

--
-- 資料表結構 `additional_item`
--

CREATE TABLE `additional_item` (
  `ai_id` int(11) NOT NULL,
  `at_id` int(11) NOT NULL,
  `name` char(50) CHARACTER SET utf8 COLLATE utf8_unicode_ci NOT NULL,
  `price` int(11) NOT NULL
) ENGINE=InnoDB DEFAULT CHARSET=utf8 COLLATE=utf8_bin;

--
-- 資料表的匯出資料 `additional_item`
--

INSERT INTO `additional_item` (`ai_id`, `at_id`, `name`, `price`) VALUES
(71, 35, '珍珠', 5),
(72, 35, '椰果', 5),
(73, 35, '仙草', 5),
(82, 41, 'S杯,冰', 0),
(83, 41, 'M杯,冰', 0),
(84, 42, 'M杯,熱', 0),
(85, 43, 'L杯,冰', 0),
(86, 44, 'M杯,熱', 0),
(87, 44, 'L杯,冰', 0),
(88, 35, '養樂多', 10),
(89, 45, 'S杯,熱', 0),
(90, 45, 'M杯,冰', 0);

-- --------------------------------------------------------

--
-- 資料表結構 `additional_type`
--

CREATE TABLE `additional_type` (
  `at_id` int(11) NOT NULL,
  `option_name` char(50) CHARACTER SET utf8 COLLATE utf8_unicode_ci NOT NULL,
  `multiple_choice` tinyint(1) NOT NULL
) ENGINE=InnoDB DEFAULT CHARSET=utf8 COLLATE=utf8_bin;

--
-- 資料表的匯出資料 `additional_type`
--

INSERT INTO `additional_type` (`at_id`, `option_name`, `multiple_choice`) VALUES
(35, '加料', 1),
(41, 'S杯(冰)/M杯(冰)', 0),
(42, 'M杯', 0),
(43, 'L杯', 0),
(44, 'M杯/L杯', 0),
(45, 'S杯(熱)/M杯(冰)', 0);

-- --------------------------------------------------------

--
-- 資料表結構 `config`
--

CREATE TABLE `config` (
  `name` varchar(255) COLLATE utf8_unicode_ci NOT NULL,
  `value` varchar(255) COLLATE utf8_unicode_ci NOT NULL
) ENGINE=InnoDB DEFAULT CHARSET=utf8 COLLATE=utf8_unicode_ci;

--
-- 資料表的匯出資料 `config`
--

INSERT INTO `config` (`name`, `value`) VALUES
('verification', 'ae88'),
('verification_time', '1466415434');

-- --------------------------------------------------------

--
-- 資料表結構 `ingredient`
--

CREATE TABLE `ingredient` (
  `call_id` int(11) NOT NULL,
  `shop_id` int(11) NOT NULL,
  `ingredient` varchar(256) CHARACTER SET utf8 NOT NULL,
  `num` float NOT NULL,
  `unit` varchar(256) CHARACTER SET utf8 NOT NULL,
  `call_time` TIMESTAMP NOT NULL DEFAULT CURRENT_TIMESTAMP,
  `handled` int(11) NOT NULL
) ENGINE=InnoDB DEFAULT CHARSET=latin1;

-- --------------------------------------------------------

--
-- 資料表結構 `log`
--

CREATE TABLE `log` (
  `log_id` int(11) NOT NULL,
  `u_id` int(11) NOT NULL,
  `o_id` int(11) NOT NULL,
  `time` datetime NOT NULL,
  `s_text` varchar(255) COLLATE utf8_unicode_ci NOT NULL,
  `m_text` varchar(255) COLLATE utf8_unicode_ci NOT NULL,
  `quantity` int(11) NOT NULL,
  `price` int(11) NOT NULL,
  `shop_id` int(11) NOT NULL
) ENGINE=InnoDB DEFAULT CHARSET=utf8 COLLATE=utf8_unicode_ci;

-- --------------------------------------------------------

--
-- 資料表結構 `main`
--

CREATE TABLE `main` (
  `m_id` int(10) UNSIGNED NOT NULL,
  `name` char(50) CHARACTER SET utf8 COLLATE utf8_unicode_ci NOT NULL,
  `price` int(11) NOT NULL,
  `s_id` int(11) NOT NULL,
  `at_id` int(11) NOT NULL,
  `required_option` tinyint(1) NOT NULL,
  `order_num` int(11) NOT NULL
) ENGINE=InnoDB DEFAULT CHARSET=utf8 COLLATE=utf8_bin;

--
-- 資料表的匯出資料 `main`
--

INSERT INTO `main` (`m_id`, `name`, `price`, `s_id`, `at_id`, `required_option`, `order_num`) VALUES
(60, '阿里山清香烏龍', 70, 21, 35, 1, 2147483647),
(61, '蟲咬過的紅茶', 50, 21, 35, 1, 2147483647),
(62, '日月潭阿薩姆紅茶', 25, 21, 35, 1, 2147483647),
(63, '四季清茶', 25, 21, 35, 1, 2147483647),
(64, '黑金烏龍茶', 35, 21, 35, 1, 2147483647),
(65, '烏龍綠茶', 25, 21, 35, 1, 2147483647),
(66, '翡翠綠茶', 25, 21, 35, 1, 2147483647),
(67, '黑豆馬卡龍', 40, 21, 35, 1, 2147483647),
(68, '蕎麥綠茶', 35, 21, 35, 1, 2147483647),
(69, '米香茶', 30, 21, 35, 1, 2147483647),
(70, '紫米香茶', 30, 21, 35, 1, 2147483647),
(71, '田園六種茶', 30, 21, 35, 1, 2147483647),
(72, '桂花綠茶', 30, 21, 35, 1, 2147483647),
(73, '薄荷綠茶', 30, 21, 35, 1, 2147483647),
(74, '活力五蔬果汁', 60, 22, 35, 1, 2147483647),
(75, '蘋果鮮奶', 60, 22, 35, 1, 2147483647),
(76, '蘋果多多', 55, 22, 0, 1, 2147483647),
(77, '鳳梨多多', 50, 22, 35, 1, 2147483647),
(78, '紅蘿蔔多多', 50, 22, 35, 1, 2147483647),
(79, '拿鐵紅茶', 50, 23, 35, 1, 2147483647),
(80, '拿鐵綠茶', 50, 23, 35, 1, 2147483647),
(81, '拿鐵清茶', 50, 23, 35, 1, 2147483647),
(82, '仙草鮮奶凍', 50, 23, 35, 1, 2147483647),
(83, '蕎麥鮮拿鐵', 55, 23, 35, 1, 2147483647),
(84, '紫米鮮拿鐵', 55, 23, 35, 1, 2147483647),
(85, '米香鮮拿鐵', 55, 23, 35, 1, 2147483647),
(86, '田園鮮拿鐵', 55, 23, 35, 1, 2147483647),
(87, '桂花鮮拿鐵', 55, 23, 35, 1, 2147483647),
(88, '薄荷鮮拿鐵', 55, 23, 35, 1, 2147483647),
(89, '經典奶茶(烏龍)', 40, 23, 35, 1, 2147483647),
(90, '經典奶茶(翡翠)', 40, 23, 35, 1, 2147483647),
(91, '葡萄柚多多(現挖果肉)', 65, 24, 35, 1, 2147483647),
(92, '奇異果翡翠綠茶', 60, 24, 35, 1, 2147483647),
(93, '奇異果四季清茶', 60, 24, 35, 1, 2147483647),
(94, '蘋果清茶', 55, 24, 35, 1, 2147483647),
(95, '鮮寧多多', 55, 24, 35, 1, 2147483647),
(96, '葡萄柚綠茶(現挖果肉)', 50, 24, 35, 1, 2147483647),
(97, '今鑽四季(新鮮鳳梨)', 50, 24, 35, 1, 2147483647),
(98, '綜合水果茶', 45, 24, 35, 1, 2147483647),
(99, '養樂多綠茶', 45, 24, 35, 1, 2147483647),
(100, '百香紅茶', 45, 24, 35, 1, 2147483647),
(101, '百香綠茶', 45, 24, 35, 1, 2147483647),
(102, '百香清茶', 45, 24, 35, 1, 2147483647),
(103, '鮮檸紅茶', 45, 24, 35, 1, 2147483647),
(104, '鮮檸綠茶', 45, 24, 35, 1, 2147483647),
(105, '鮮檸清茶', 45, 24, 35, 1, 2147483647),
(106, 'Q嫩仙草茶', 40, 24, 35, 1, 2147483647),
(107, '香梅紅茶', 35, 24, 35, 1, 2147483647),
(108, '香梅綠茶', 35, 24, 35, 1, 2147483647),
(109, '香梅清茶', 35, 24, 35, 1, 2147483647),
(110, '蜂蜜檸檬茶', 50, 24, 35, 1, 2147483647),
(111, '純密紅茶', 50, 24, 35, 1, 2147483647),
(112, '純密綠茶', 50, 24, 35, 1, 2147483647),
(113, '純密茶', 50, 24, 35, 1, 2147483647),
(114, '手做仙草蜜', 45, 24, 35, 1, 2147483647),
(115, '蜂蜜檸檬水', 40, 24, 35, 1, 2147483647),
(116, '黑咖啡', 40, 25, 0, 1, 2147483647),
(117, '焦糖黑咖啡', 45, 25, 0, 1, 2147483647),
(118, '拿鐵', 60, 25, 0, 1, 2147483647),
(119, '焦糖拿鐵', 65, 25, 0, 1, 2147483647),
(120, '綜合水果紅茶', 45, 26, 35, 1, 2147483647),
(121, '綜合水果清茶', 45, 26, 35, 1, 2147483647),
(122, '阿里山老薑茶', 40, 26, 0, 1, 2147483647),
(123, '桂圓紅棗茶', 40, 26, 0, 1, 2147483647);

-- --------------------------------------------------------

--
-- 資料表結構 `orders`
--

CREATE TABLE `orders` (
  `o_id` int(11) NOT NULL,
  `u_id` int(11) NOT NULL DEFAULT '1',
  `o_time` datetime NOT NULL,
  `o_utime` timestamp NOT NULL DEFAULT CURRENT_TIMESTAMP ON UPDATE CURRENT_TIMESTAMP,
  `o_estimate_time` datetime DEFAULT NULL,
  `table_num` int(11) NOT NULL,
  `people_num` int(11) NOT NULL COMMENT '本欄位無功能上之用途，但可作為統計與產生報表之用',
  `status` enum('CANCEL','WAIT','MAKING','DONE','ARCHIVE') COLLATE utf8_bin NOT NULL,
  `shop_id` int(11) NOT NULL
) ENGINE=InnoDB DEFAULT CHARSET=utf8 COLLATE=utf8_bin;

-- --------------------------------------------------------

--
-- 資料表結構 `raw_material`
--

CREATE TABLE `raw_material` (
  `raw_id` int(11) NOT NULL,
  `raw_name` varchar(256) CHARACTER SET utf8 NOT NULL,
  `unit` varchar(256) CHARACTER SET utf8 NOT NULL
) ENGINE=InnoDB DEFAULT CHARSET=latin1;

--
-- 資料表的匯出資料 `raw_material`
--

INSERT INTO `raw_material` (`raw_id`, `raw_name`, `unit`) VALUES
(1, '綠茶葉', '公斤'),
(2, '紅茶葉', '公斤'),
(3, '吸管', '箱'),
(4, '杯蓋', '箱'),
(5, '杯子', '箱');

-- --------------------------------------------------------

--
-- 資料表結構 `required_option`
--

CREATE TABLE `required_option` (
  `ro_id` int(11) NOT NULL,
  `name` char(50) CHARACTER SET utf8 COLLATE utf8_unicode_ci NOT NULL,
  `m_id` int(11) NOT NULL,
  `at_id` int(11) NOT NULL
) ENGINE=InnoDB DEFAULT CHARSET=utf8 COLLATE=utf8_bin;

--
-- 資料表的匯出資料 `required_option`
--

INSERT INTO `required_option` (`ro_id`, `name`, `m_id`, `at_id`) VALUES
(53, '', 60, 44),
(54, '', 72, 44),
(55, '', 61, 44),
(56, '', 71, 44),
(57, '', 70, 44),
(58, '', 69, 44),
(59, '', 68, 44),
(61, '', 66, 44),
(62, '', 65, 44),
(63, '', 64, 44),
(64, '', 63, 44),
(65, '', 62, 44),
(66, '', 73, 44),
(67, '', 67, 43),
(68, '', 74, 41),
(69, '', 75, 41),
(70, '', 76, 41),
(71, '', 77, 41),
(72, '', 78, 41),
(73, '', 82, 43),
(74, '', 79, 44),
(75, '', 89, 44),
(76, '', 88, 44),
(77, '', 87, 44),
(78, '', 86, 44),
(79, '', 85, 44),
(80, '', 84, 44),
(81, '', 83, 44),
(82, '', 81, 44),
(83, '', 80, 44),
(84, '', 90, 44),
(85, '', 91, 43),
(86, '', 105, 43),
(87, '', 106, 43),
(88, '', 107, 43),
(89, '', 108, 43),
(90, '', 109, 43),
(91, '', 110, 43),
(92, '', 111, 43),
(93, '', 112, 43),
(94, '', 113, 43),
(95, '', 114, 43),
(96, '', 104, 43),
(97, '', 103, 43),
(98, '', 102, 43),
(99, '', 92, 43),
(100, '', 93, 43),
(101, '', 94, 43),
(102, '', 95, 43),
(103, '', 96, 43),
(104, '', 97, 43),
(105, '', 98, 43),
(106, '', 99, 43),
(107, '', 100, 43),
(109, '', 115, 43),
(110, '', 101, 43),
(111, '', 116, 45),
(112, '', 117, 45),
(113, '', 118, 45),
(114, '', 119, 45),
(115, '', 120, 42),
(116, '', 121, 42),
(117, '', 122, 42),
(118, '', 123, 42);

-- --------------------------------------------------------

--
-- 資料表結構 `series`
--

CREATE TABLE `series` (
  `s_id` int(11) NOT NULL,
  `order_num` int(30) NOT NULL,
  `name` char(50) CHARACTER SET utf8 COLLATE utf8_unicode_ci NOT NULL,
  `shop_id` int(11) NOT NULL
) ENGINE=InnoDB DEFAULT CHARSET=utf8 COLLATE=utf8_bin;

--
-- 資料表的匯出資料 `series`
--

INSERT INTO `series` (`s_id`, `order_num`, `name`, `shop_id`) VALUES
(21, 2147483647, '經典台灣茶', 1),
(22, 2147483647, '慢磨蔬果汁', 1),
(23, 2147483647, '牧場直送鮮奶', 1),
(24, 2147483647, '鮮水果調茶', 1),
(25, 2147483647, '研磨咖啡', 1),
(26, 2147483647, '暖冬熱飲', 1);

-- --------------------------------------------------------

--
-- 資料表結構 `sh-i_ai`
--

CREATE TABLE `sh-i_ai` (
  `sh-i_ai_id` int(11) NOT NULL,
  `sh-i_id` int(11) NOT NULL,
  `ai_id` int(11) NOT NULL,
  `is_ro` int(11) NOT NULL
) ENGINE=InnoDB DEFAULT CHARSET=utf8 COLLATE=utf8_unicode_ci;

--
-- 資料表的匯出資料 `sh-i_ai`
--

INSERT INTO `sh-i_ai` (`sh-i_ai_id`, `sh-i_id`, `ai_id`, `is_ro`) VALUES
(11, 8, 4, 1),
(12, 9, 6, 0),
(13, 9, 7, 1),
(14, 10, 2, 1),
(15, 10, 3, 1),
(16, 12, 3, 0),
(17, 14, 3, 0),
(18, 15, 6, 0),
(19, 16, 1, 0),
(20, 16, 2, 0),
(21, 18, 2, 0),
(22, 19, 3, 0),
(23, 21, 3, 0),
(24, 22, 1, 0),
(25, 22, 2, 0),
(26, 23, 6, 0),
(27, 24, 3, 1),
(28, 24, 6, 1),
(29, 25, 3, 1),
(30, 25, 6, 1),
(31, 26, 3, 1),
(32, 26, 7, 1),
(33, 27, 3, 1),
(34, 27, 6, 1),
(35, 28, 3, 1),
(36, 28, 7, 1),
(37, 29, 3, 1),
(38, 29, 6, 1),
(39, 30, 3, 1),
(40, 30, 7, 1),
(41, 31, 2, 0),
(42, 32, 3, 1),
(43, 32, 6, 1),
(44, 33, 3, 1),
(45, 33, 7, 1),
(46, 34, 3, 1),
(47, 34, 6, 1),
(48, 35, 3, 1),
(49, 35, 7, 1),
(50, 36, 2, 0),
(51, 37, 3, 1),
(52, 37, 6, 1),
(53, 38, 3, 1),
(54, 38, 7, 1),
(55, 39, 2, 0),
(56, 40, 3, 1),
(57, 40, 7, 1),
(58, 41, 5, 1),
(59, 41, 7, 1),
(60, 42, 3, 1),
(61, 42, 7, 1),
(62, 43, 5, 1),
(63, 43, 7, 1),
(64, 44, 1, 0),
(65, 44, 2, 0),
(66, 45, 1, 0),
(67, 45, 2, 0),
(68, 46, 1, 0),
(69, 46, 2, 0),
(70, 47, 3, 1),
(71, 47, 6, 1),
(72, 48, 5, 1),
(73, 48, 6, 1),
(74, 49, 1, 0),
(75, 49, 2, 0),
(76, 50, 3, 1),
(77, 50, 6, 1),
(78, 51, 5, 1),
(79, 51, 6, 1),
(80, 52, 3, 1),
(81, 52, 6, 1),
(82, 53, 3, 1),
(83, 55, 3, 1),
(84, 57, 1, 0),
(85, 57, 2, 0),
(86, 58, 3, 1),
(87, 58, 6, 1),
(88, 59, 1, 0),
(89, 59, 2, 0),
(90, 60, 2, 0),
(91, 61, 3, 1),
(92, 61, 7, 1),
(93, 62, 3, 1),
(94, 62, 6, 1),
(95, 63, 1, 0),
(96, 63, 2, 0),
(97, 64, 3, 1),
(98, 64, 6, 1),
(99, 65, 1, 0),
(100, 65, 2, 0),
(101, 66, 3, 1),
(102, 66, 6, 1),
(103, 67, 1, 0),
(104, 67, 2, 0),
(105, 68, 8, 0),
(106, 68, 3, 1),
(107, 69, 8, 0),
(108, 69, 3, 1),
(109, 70, 11, 0),
(110, 71, 8, 0),
(111, 72, 1, 0),
(112, 72, 2, 0),
(113, 73, 2, 0),
(114, 74, 2, 0),
(115, 75, 2, 0),
(116, 76, 3, 1),
(117, 76, 7, 1),
(118, 77, 1, 0),
(119, 77, 2, 0),
(120, 78, 3, 1),
(121, 78, 6, 1),
(122, 79, 1, 0),
(123, 79, 2, 0),
(124, 81, 3, 1),
(125, 81, 6, 1),
(126, 82, 3, 1),
(127, 82, 6, 1),
(128, 84, 3, 1),
(129, 84, 6, 1),
(130, 85, 3, 1),
(131, 85, 6, 1),
(132, 86, 2, 0),
(133, 87, 3, 1),
(134, 87, 6, 1),
(135, 88, 3, 1),
(136, 88, 6, 1),
(137, 89, 5, 1),
(138, 89, 6, 1),
(139, 90, 3, 1),
(140, 90, 6, 1),
(141, 91, 16, 1),
(142, 92, 19, 0),
(143, 92, 14, 1),
(144, 93, 14, 1),
(145, 94, 14, 1),
(146, 95, 18, 0),
(147, 95, 19, 0),
(148, 95, 14, 1),
(149, 96, 3, 1),
(150, 96, 6, 1),
(151, 97, 18, 0),
(152, 97, 19, 0),
(153, 97, 14, 1),
(154, 98, 3, 1),
(155, 98, 6, 1),
(156, 99, 14, 1),
(157, 100, 14, 1),
(158, 101, 3, 1),
(159, 101, 6, 1),
(160, 102, 14, 1),
(161, 103, 14, 1),
(162, 104, 3, 1),
(163, 104, 6, 1),
(164, 105, 14, 1),
(165, 106, 1, 0),
(166, 106, 2, 0),
(167, 107, 1, 0),
(168, 107, 2, 0),
(169, 109, 1, 0),
(170, 109, 2, 0),
(171, 111, 2, 0),
(172, 117, 22, 1),
(173, 119, 22, 1),
(174, 122, 1, 0),
(175, 122, 2, 0),
(176, 124, 22, 1),
(177, 137, 22, 1),
(178, 139, 22, 1),
(179, 140, 1, 0),
(180, 140, 2, 0),
(181, 141, 1, 0),
(182, 141, 2, 0),
(183, 142, 20, 0),
(184, 142, 22, 1),
(185, 143, 1, 0),
(186, 144, 1, 0),
(187, 144, 2, 0),
(188, 146, 1, 0),
(189, 146, 2, 0),
(190, 147, 23, 1),
(191, 148, 22, 1),
(192, 149, 22, 1),
(193, 150, 22, 1),
(194, 154, 1, 0),
(195, 154, 2, 0),
(196, 157, 22, 1),
(197, 159, 22, 1),
(198, 160, 1, 0),
(199, 160, 2, 0),
(200, 161, 22, 1),
(201, 164, 22, 1),
(202, 165, 22, 1),
(203, 166, 2, 0),
(204, 168, 23, 1),
(205, 172, 22, 1),
(206, 173, 23, 1),
(207, 175, 23, 1),
(208, 176, 1, 0),
(209, 176, 2, 0),
(210, 176, 29, 0),
(211, 177, 23, 1),
(212, 180, 1, 0),
(213, 180, 2, 0),
(214, 180, 29, 0),
(215, 181, 1, 0),
(216, 181, 29, 0),
(217, 181, 23, 1),
(218, 183, 23, 1),
(219, 185, 23, 1),
(220, 187, 23, 1),
(221, 188, 2, 0),
(222, 188, 29, 0),
(223, 190, 28, 1),
(224, 191, 28, 1),
(225, 192, 23, 1),
(226, 193, 28, 1),
(227, 194, 17, 0),
(228, 194, 18, 0),
(229, 194, 19, 0),
(230, 194, 23, 1),
(231, 195, 28, 1),
(232, 196, 20, 0),
(233, 196, 21, 0),
(234, 196, 27, 0),
(235, 197, 27, 0),
(236, 199, 20, 0),
(237, 199, 21, 0),
(238, 199, 27, 0),
(239, 201, 25, 0),
(240, 203, 23, 1),
(241, 205, 23, 1),
(242, 208, 25, 0),
(243, 210, 20, 0),
(244, 210, 21, 0),
(245, 210, 27, 0),
(246, 211, 23, 1),
(247, 212, 23, 1),
(248, 213, 20, 0),
(249, 213, 21, 0),
(250, 215, 46, 0),
(251, 215, 36, 1),
(252, 215, 40, 1),
(253, 215, 54, 1),
(254, 216, 45, 0),
(255, 216, 40, 1),
(256, 216, 53, 1),
(257, 216, 61, 1),
(258, 217, 46, 0),
(259, 217, 36, 1),
(260, 217, 40, 1),
(261, 217, 53, 1),
(262, 218, 46, 0),
(263, 218, 36, 1),
(264, 218, 40, 1),
(265, 218, 53, 1),
(266, 219, 36, 1),
(267, 219, 42, 1),
(268, 219, 55, 1),
(269, 220, 36, 1),
(270, 220, 40, 1),
(271, 220, 53, 1),
(272, 221, 48, 0),
(273, 221, 49, 0),
(274, 221, 50, 0),
(275, 221, 51, 0),
(276, 221, 36, 1),
(277, 221, 58, 1),
(278, 221, 60, 1);

-- --------------------------------------------------------

--
-- 資料表結構 `share`
--

CREATE TABLE `share` (
  `sh_id` int(11) NOT NULL,
  `o_id` int(11) NOT NULL,
  `total` int(11) NOT NULL
) ENGINE=InnoDB DEFAULT CHARSET=utf8 COLLATE=utf8_bin;

--
-- 資料表的匯出資料 `share`
--

INSERT INTO `share` (`sh_id`, `o_id`, `total`) VALUES
(11, 21, 0),
(12, 22, 0),
(13, 23, 0),
(14, 24, 0),
(15, 25, 0),
(16, 26, 0),
(17, 27, 0),
(18, 28, 0),
(19, 29, 0),
(20, 30, 0),
(21, 31, 0),
(22, 32, 0),
(23, 33, 0),
(24, 34, 0),
(25, 35, 0),
(26, 36, 0),
(27, 37, 0),
(28, 38, 0),
(29, 39, 0),
(30, 40, 0),
(31, 41, 0),
(32, 42, 0),
(33, 43, 0),
(34, 44, 0),
(35, 45, 0),
(36, 46, 0),
(37, 47, 0),
(38, 48, 0),
(39, 49, 0),
(40, 50, 0),
(41, 51, 0),
(42, 52, 0),
(43, 53, 0),
(44, 54, 0),
(45, 55, 0),
(46, 56, 0),
(47, 57, 0),
(48, 58, 0),
(49, 59, 0),
(50, 60, 0),
(51, 61, 0),
(52, 62, 0),
(53, 63, 0),
(54, 64, 0),
(55, 65, 0),
(56, 66, 0),
(57, 67, 0),
(58, 68, 0),
(59, 69, 0),
(60, 70, 0),
(61, 71, 0),
(62, 72, 0),
(63, 73, 0),
(64, 74, 0),
(65, 75, 0),
(66, 76, 0),
(67, 77, 0),
(68, 78, 0),
(69, 79, 0),
(70, 80, 0),
(71, 81, 0),
(72, 82, 0),
(73, 83, 0),
(74, 84, 0),
(75, 85, 0),
(76, 86, 0),
(77, 87, 0),
(78, 88, 0),
(79, 89, 0),
(80, 90, 0),
(81, 91, 0),
(82, 92, 0),
(83, 93, 0),
(84, 94, 0),
(85, 95, 0),
(86, 96, 0),
(87, 97, 0),
(88, 98, 0),
(89, 99, 0),
(90, 100, 0),
(91, 101, 0),
(92, 102, 0),
(93, 103, 0),
(94, 104, 0),
(95, 105, 0),
(96, 106, 0),
(97, 107, 0),
(98, 108, 0),
(99, 109, 0),
(100, 110, 0),
(101, 111, 0),
(102, 112, 0),
(103, 113, 0),
(104, 114, 0),
(105, 115, 0),
(106, 116, 0),
(107, 117, 0),
(108, 118, 0),
(109, 119, 0),
(110, 120, 0),
(111, 121, 0),
(112, 122, 0),
(113, 123, 0),
(114, 124, 0),
(115, 125, 0),
(116, 126, 0),
(117, 127, 0),
(118, 128, 0),
(119, 129, 0),
(120, 130, 0),
(121, 131, 0),
(122, 132, 0),
(123, 133, 0),
(124, 134, 0),
(125, 135, 0),
(126, 136, 0),
(127, 137, 0),
(128, 138, 0),
(129, 139, 0),
(130, 140, 0),
(131, 141, 0),
(132, 142, 0),
(133, 143, 0),
(134, 144, 0),
(135, 145, 0),
(136, 146, 0);

-- --------------------------------------------------------

--
-- 資料表結構 `share_item`
--

CREATE TABLE `share_item` (
  `sh-i_id` int(11) NOT NULL,
  `sh_id` int(11) NOT NULL,
  `m_id` int(11) NOT NULL,
  `quantity` int(11) NOT NULL,
  `comment` varchar(100) COLLATE utf8_bin NOT NULL
) ENGINE=InnoDB DEFAULT CHARSET=utf8 COLLATE=utf8_bin;

--
-- 資料表的匯出資料 `share_item`
--

INSERT INTO `share_item` (`sh-i_id`, `sh_id`, `m_id`, `quantity`, `comment`) VALUES
(8, 11, 1, 1, ''),
(9, 11, 2, 1, 'heymt'),
(10, 11, 1, 1, 'hh'),
(11, 12, 0, 0, ''),
(12, 12, 2, 1, ''),
(13, 13, 0, 0, ''),
(14, 13, 2, 3, ''),
(15, 13, 2, 1, ''),
(16, 13, 1, 1, ''),
(17, 14, 0, 0, ''),
(18, 14, 1, 1, ''),
(19, 14, 2, 1, ''),
(20, 15, 0, 0, ''),
(21, 15, 2, 4, ''),
(22, 15, 1, 2, ''),
(23, 15, 2, 1, ''),
(24, 16, 2, 1, ''),
(25, 17, 2, 2, ''),
(26, 17, 2, 1, ''),
(27, 18, 2, 2, ''),
(28, 18, 2, 1, ''),
(29, 18, 2, 2, ''),
(30, 18, 2, 1, ''),
(31, 18, 1, 1, ''),
(32, 19, 2, 2, ''),
(33, 19, 2, 1, ''),
(34, 19, 2, 2, ''),
(35, 19, 2, 1, ''),
(36, 19, 1, 1, ''),
(37, 19, 2, 2, ''),
(38, 19, 2, 1, ''),
(39, 19, 1, 1, ''),
(40, 20, 2, 1, ''),
(41, 20, 2, 1, ''),
(42, 21, 2, 1, ''),
(43, 21, 2, 1, ''),
(44, 21, 1, 1, ''),
(45, 22, 1, 1, ''),
(46, 23, 1, 1, ''),
(47, 23, 2, 1, ''),
(48, 23, 2, 1, ''),
(49, 24, 1, 1, ''),
(50, 24, 2, 1, ''),
(51, 24, 2, 1, ''),
(52, 24, 2, 1, ''),
(53, 25, 2, 2, ''),
(54, 25, 1, 1, ''),
(55, 26, 2, 2, ''),
(56, 26, 1, 1, ''),
(57, 26, 1, 1, ''),
(58, 27, 2, 1, ''),
(59, 27, 1, 2, ''),
(60, 28, 1, 1, ''),
(61, 28, 2, 5, ''),
(62, 29, 2, 1, 'hiiii'),
(63, 30, 1, 1, ''),
(64, 31, 2, 1, ''),
(65, 32, 1, 10, ''),
(66, 33, 2, 3, ''),
(67, 33, 1, 1, ''),
(68, 34, 20, 1, ''),
(69, 35, 22, 1, ''),
(70, 35, 19, 1, ''),
(71, 36, 5, 1, ''),
(72, 37, 1, 3, ''),
(73, 38, 1, 7, ''),
(74, 39, 1, 1, ''),
(75, 40, 1, 1, 'test'),
(76, 40, 2, 1, ''),
(77, 41, 1, 8, ''),
(78, 42, 2, 4, ''),
(79, 43, 1, 1, ''),
(80, 44, 1, 1, ''),
(81, 45, 2, 1, ''),
(82, 46, 2, 1, ''),
(83, 46, 1, 1, ''),
(84, 47, 2, 1, ''),
(85, 48, 2, 1, ''),
(86, 49, 1, 1, ''),
(87, 50, 2, 1, ''),
(88, 51, 2, 1, ''),
(89, 52, 2, 1, ''),
(90, 52, 2, 1, ''),
(91, 53, 23, 3, ''),
(92, 53, 25, 1, ''),
(93, 53, 23, 1, ''),
(94, 54, 23, 1, ''),
(95, 55, 25, 1, ''),
(96, 56, 2, 1, ''),
(97, 57, 25, 1, ''),
(98, 58, 2, 2, ''),
(99, 58, 23, 1, ''),
(100, 58, 25, 1, ''),
(101, 59, 2, 1, ''),
(102, 59, 23, 1, ''),
(103, 60, 23, 1, ''),
(104, 61, 2, 1, ''),
(105, 61, 25, 1, ''),
(106, 62, 27, 1, ''),
(107, 63, 27, 1, ''),
(108, 64, 28, 10, ''),
(109, 65, 27, 1, ''),
(110, 66, 28, 5, ''),
(111, 66, 27, 1, ''),
(112, 67, 28, 1, ''),
(113, 68, 28, 1, ''),
(114, 68, 27, 1, ''),
(115, 69, 28, 1, ''),
(116, 69, 27, 1, ''),
(117, 70, 29, 10, ''),
(118, 71, 28, 2, ''),
(119, 71, 29, 9, ''),
(120, 71, 27, 1, ''),
(121, 72, 28, 1, ''),
(122, 72, 27, 9, ''),
(123, 73, 27, 1, ''),
(124, 74, 29, 9, ''),
(125, 75, 27, 1, ''),
(126, 76, 27, 1, ''),
(127, 77, 30, 1, ''),
(128, 78, 27, 1, ''),
(129, 79, 27, 9, ''),
(130, 79, 28, 4, ''),
(131, 79, 30, 4, ''),
(132, 80, 27, 1, ''),
(133, 81, 27, 1, ''),
(134, 82, 27, 1, ''),
(135, 83, 27, 9, ''),
(136, 83, 28, 4, ''),
(137, 83, 29, 4, ''),
(138, 84, 27, 1, ''),
(139, 84, 29, 1, ''),
(140, 85, 27, 1, ''),
(141, 86, 30, 1, ''),
(142, 86, 29, 1, ''),
(143, 86, 27, 1, '不胡'),
(144, 87, 27, 1, ''),
(145, 87, 31, 1, ''),
(146, 87, 30, 1, ''),
(147, 87, 29, 1, ''),
(148, 88, 29, 1, ''),
(149, 89, 29, 1, ''),
(150, 90, 29, 9, ''),
(151, 90, 30, 9, ''),
(152, 90, 28, 9, ''),
(153, 91, 28, 7, ''),
(154, 91, 30, 1, ''),
(155, 92, 27, 5, ''),
(156, 93, 30, 1, ''),
(157, 93, 29, 1, ''),
(158, 94, 30, 1, ''),
(159, 95, 29, 9, ''),
(160, 96, 30, 8, ''),
(161, 96, 29, 5, ''),
(162, 97, 30, 6, ''),
(163, 98, 30, 1, ''),
(164, 98, 29, 1, ''),
(165, 99, 29, 1, ''),
(166, 99, 30, 2, ''),
(167, 99, 30, 1, ''),
(168, 100, 33, 4, ''),
(169, 101, 34, 1, ''),
(170, 102, 34, 1, ''),
(171, 102, 30, 5, ''),
(172, 103, 33, 2, ''),
(173, 104, 33, 1, ''),
(174, 105, 34, 1, ''),
(175, 106, 33, 1, ''),
(176, 107, 30, 1, ''),
(177, 108, 35, 1, ''),
(178, 108, 35, 1, ''),
(179, 109, 29, 1, ''),
(180, 110, 30, 1, ''),
(181, 110, 29, 1, ''),
(182, 111, 34, 10, ''),
(183, 112, 33, 1, ''),
(184, 112, 30, 1, ''),
(185, 112, 35, 1, ''),
(186, 112, 34, 1, ''),
(187, 112, 29, 1, ''),
(188, 113, 30, 5, ''),
(189, 113, 29, 4, ''),
(190, 114, 33, 1, ''),
(191, 115, 33, 1, 'defat'),
(192, 116, 33, 2, 'ddddd'),
(193, 117, 33, 2, 'null '),
(194, 118, 33, 2, '11'),
(195, 119, 33, 2, ''),
(196, 120, 45, 6, ''),
(197, 121, 44, 1, ''),
(198, 122, 43, 1, ''),
(199, 123, 45, 1, ''),
(200, 124, 34, 1, ''),
(201, 124, 38, 1, ''),
(202, 125, 41, 3, ''),
(203, 125, 35, 7, ''),
(204, 125, 46, 4, ''),
(205, 125, 33, 9, ''),
(206, 125, 36, 16, ''),
(207, 125, 39, 1, ''),
(208, 125, 37, 7, ''),
(209, 126, 34, 3, ''),
(210, 127, 41, 1, ''),
(211, 128, 33, 6, ''),
(212, 129, 33, 3, ''),
(213, 129, 40, 1, ''),
(214, 130, 37, 3, ''),
(215, 131, 51, 10, ''),
(216, 132, 49, 2, ''),
(217, 133, 51, 2, ''),
(218, 134, 51, 2, ''),
(219, 135, 57, 1, ''),
(220, 136, 51, 1, ''),
(221, 136, 53, 2, '');

-- --------------------------------------------------------

--
-- 資料表結構 `shop`
--

CREATE TABLE `shop` (
  `shop_id` int(11) NOT NULL,
  `shop_name` varchar(100) NOT NULL,
  `shop_address` text NOT NULL,
  `shop_tel` varchar(50) NOT NULL,
  `shop_owner` varchar(50) NOT NULL,
  `shop_account` int(11) DEFAULT NULL,
  `shop_type` int(11) NOT NULL
) ENGINE=InnoDB DEFAULT CHARSET=utf8;

--
-- 資料表的匯出資料 `shop`
--

INSERT INTO `shop` (`shop_id`, `shop_name`, `shop_address`, `shop_tel`, `shop_owner`, `shop_account`, `shop_type`) VALUES
(-1, '高雄總店', '高雄市左營區孟子路360號', '+886 989178168', '李厚岡', 1, 1),
(1, '高雄孟子店', '高雄市左營區孟子路360號', '07-3100766', '李厚岡', 43, 1);

-- --------------------------------------------------------

--
-- 資料表結構 `user`
--

CREATE TABLE `user` (
  `u_id` int(11) NOT NULL,
  `u_name` varchar(50) COLLATE utf8_unicode_ci NOT NULL,
  `u_pass` varchar(64) COLLATE utf8_unicode_ci DEFAULT NULL,
  `u_type` tinyint(3) NOT NULL COMMENT '0: not active, 1: active, 2: staff, 3: admin',
  `shop_id` int(11) NOT NULL
) ENGINE=InnoDB DEFAULT CHARSET=utf8 COLLATE=utf8_unicode_ci;

--
-- 資料表的匯出資料 `user`
--

INSERT INTO `user` (`u_id`, `u_name`, `u_pass`, `u_type`, `shop_id`) VALUES
(1, 'top_boss', '8d969eef6ecad3c29a3a629280e686cf0c3f5d5a86aff3ca12020c923adc6c92', 3, -1),
(43, 'bottom_boss', 'a665a45920422f9d417e4867efdc4fb8a04a1f3fff1fa07e998e86f7f7a27ae3', 3, 1),
(44, 'bottom_staff', 'a665a45920422f9d417e4867efdc4fb8a04a1f3fff1fa07e998e86f7f7a27ae3', 2, 1),
(45, '0912345678', 'a665a45920422f9d417e4867efdc4fb8a04a1f3fff1fa07e998e86f7f7a27ae3', 1, 1),
(46, 'top_staff', 'a665a45920422f9d417e4867efdc4fb8a04a1f3fff1fa07e998e86f7f7a27ae3', 2, -1);

-- --------------------------------------------------------

--
-- 資料表結構 `user_info`
--

CREATE TABLE `user_info` (
  `ui_id` int(11) NOT NULL,
  `u_id` int(11) NOT NULL,
  `ui_advsecurity` tinyint(1) NOT NULL,
  `ui_occupation` varchar(50) COLLATE utf8_unicode_ci NOT NULL,
  `ui_phone` varchar(20) COLLATE utf8_unicode_ci NOT NULL
) ENGINE=InnoDB DEFAULT CHARSET=utf8 COLLATE=utf8_unicode_ci;

--
-- 資料表的匯出資料 `user_info`
--

INSERT INTO `user_info` (`ui_id`, `u_id`, `ui_advsecurity`, `ui_occupation`, `ui_phone`) VALUES
(1, 1, 1, '', '+886 989178168'),
(61, 43, 1, '', '0989178168'),
(62, 44, 1, '', ''),
(63, 45, 1, '', '0912345678'),
(64, 46, 1, '', '0987654321');

-- --------------------------------------------------------

--
-- 資料表結構 `user_register`
--

CREATE TABLE `user_register` (
  `u_id` int(50) NOT NULL,
  `code` varchar(5) NOT NULL,
  `expiration` int(11) NOT NULL
) ENGINE=InnoDB DEFAULT CHARSET=latin1;

--
-- 資料表的匯出資料 `user_register`
--

INSERT INTO `user_register` (`u_id`, `code`, `expiration`) VALUES
(0, 'f30e', 1476622679),
(1, 'bcdf', 123),
(10, 'cb56', 1476627811),
(29, '73ba', 1477096254),
(31, '0c89', 1478785744),
(32, 'f120', 1478786060),
(40, '5a3f', 1479576221);

--
-- 已匯出資料表的索引
--

--
-- 資料表索引 `additional_item`
--
ALTER TABLE `additional_item`
  ADD PRIMARY KEY (`ai_id`);

--
-- 資料表索引 `additional_type`
--
ALTER TABLE `additional_type`
  ADD PRIMARY KEY (`at_id`);

--
-- 資料表索引 `config`
--
ALTER TABLE `config`
  ADD UNIQUE KEY `name` (`name`);

--
-- 資料表索引 `ingredient`
--
ALTER TABLE `ingredient`
  ADD PRIMARY KEY (`call_id`);

--
-- 資料表索引 `log`
--
ALTER TABLE `log`
  ADD PRIMARY KEY (`log_id`);

--
-- 資料表索引 `main`
--
ALTER TABLE `main`
  ADD PRIMARY KEY (`m_id`);

--
-- 資料表索引 `orders`
--
ALTER TABLE `orders`
  ADD PRIMARY KEY (`o_id`);

--
-- 資料表索引 `raw_material`
--
ALTER TABLE `raw_material`
  ADD PRIMARY KEY (`raw_id`);

--
-- 資料表索引 `required_option`
--
ALTER TABLE `required_option`
  ADD PRIMARY KEY (`ro_id`);

--
-- 資料表索引 `series`
--
ALTER TABLE `series`
  ADD PRIMARY KEY (`s_id`);

--
-- 資料表索引 `sh-i_ai`
--
ALTER TABLE `sh-i_ai`
  ADD PRIMARY KEY (`sh-i_ai_id`);

--
-- 資料表索引 `share`
--
ALTER TABLE `share`
  ADD PRIMARY KEY (`sh_id`);

--
-- 資料表索引 `share_item`
--
ALTER TABLE `share_item`
  ADD PRIMARY KEY (`sh-i_id`);

--
-- 資料表索引 `shop`
--
ALTER TABLE `shop`
  ADD PRIMARY KEY (`shop_id`);

--
-- 資料表索引 `user`
--
ALTER TABLE `user`
  ADD PRIMARY KEY (`u_id`);

--
-- 資料表索引 `user_info`
--
ALTER TABLE `user_info`
  ADD PRIMARY KEY (`ui_id`);

--
-- 資料表索引 `user_register`
--
ALTER TABLE `user_register`
  ADD PRIMARY KEY (`u_id`);

--
-- 在匯出的資料表使用 AUTO_INCREMENT
--

--
-- 使用資料表 AUTO_INCREMENT `additional_item`
--
ALTER TABLE `additional_item`
  MODIFY `ai_id` int(11) NOT NULL AUTO_INCREMENT, AUTO_INCREMENT=91;
--
-- 使用資料表 AUTO_INCREMENT `additional_type`
--
ALTER TABLE `additional_type`
  MODIFY `at_id` int(11) NOT NULL AUTO_INCREMENT, AUTO_INCREMENT=46;
--
-- 使用資料表 AUTO_INCREMENT `ingredient`
--
ALTER TABLE `ingredient`
  MODIFY `call_id` int(11) NOT NULL AUTO_INCREMENT, AUTO_INCREMENT=34;
--
-- 使用資料表 AUTO_INCREMENT `log`
--
ALTER TABLE `log`
  MODIFY `log_id` int(11) NOT NULL AUTO_INCREMENT, AUTO_INCREMENT=81;
--
-- 使用資料表 AUTO_INCREMENT `main`
--
ALTER TABLE `main`
  MODIFY `m_id` int(10) UNSIGNED NOT NULL AUTO_INCREMENT, AUTO_INCREMENT=124;
--
-- 使用資料表 AUTO_INCREMENT `orders`
--
ALTER TABLE `orders`
  MODIFY `o_id` int(11) NOT NULL AUTO_INCREMENT, AUTO_INCREMENT=147;
--
-- 使用資料表 AUTO_INCREMENT `raw_material`
--
ALTER TABLE `raw_material`
  MODIFY `raw_id` int(11) NOT NULL AUTO_INCREMENT, AUTO_INCREMENT=6;
--
-- 使用資料表 AUTO_INCREMENT `required_option`
--
ALTER TABLE `required_option`
  MODIFY `ro_id` int(11) NOT NULL AUTO_INCREMENT, AUTO_INCREMENT=119;
--
-- 使用資料表 AUTO_INCREMENT `series`
--
ALTER TABLE `series`
  MODIFY `s_id` int(11) NOT NULL AUTO_INCREMENT, AUTO_INCREMENT=27;
--
-- 使用資料表 AUTO_INCREMENT `sh-i_ai`
--
ALTER TABLE `sh-i_ai`
  MODIFY `sh-i_ai_id` int(11) NOT NULL AUTO_INCREMENT, AUTO_INCREMENT=279;
--
-- 使用資料表 AUTO_INCREMENT `share`
--
ALTER TABLE `share`
  MODIFY `sh_id` int(11) NOT NULL AUTO_INCREMENT, AUTO_INCREMENT=137;
--
-- 使用資料表 AUTO_INCREMENT `share_item`
--
ALTER TABLE `share_item`
  MODIFY `sh-i_id` int(11) NOT NULL AUTO_INCREMENT, AUTO_INCREMENT=222;
--
-- 使用資料表 AUTO_INCREMENT `shop`
--
ALTER TABLE `shop`
  MODIFY `shop_id` int(11) NOT NULL AUTO_INCREMENT, AUTO_INCREMENT=2;
--
-- 使用資料表 AUTO_INCREMENT `user`
--
ALTER TABLE `user`
  MODIFY `u_id` int(11) NOT NULL AUTO_INCREMENT, AUTO_INCREMENT=47;
--
-- 使用資料表 AUTO_INCREMENT `user_info`
--
ALTER TABLE `user_info`
  MODIFY `ui_id` int(11) NOT NULL AUTO_INCREMENT, AUTO_INCREMENT=65;
/*!40101 SET CHARACTER_SET_CLIENT=@OLD_CHARACTER_SET_CLIENT */;
/*!40101 SET CHARACTER_SET_RESULTS=@OLD_CHARACTER_SET_RESULTS */;
/*!40101 SET COLLATION_CONNECTION=@OLD_COLLATION_CONNECTION */;
