-- phpMyAdmin SQL Dump
-- version 4.5.1
-- http://www.phpmyadmin.net
--
-- 主機: 127.0.0.1
-- 產生時間： 2016-09-27 16:05:45
-- 伺服器版本: 10.1.13-MariaDB
-- PHP 版本： 5.6.20

SET SQL_MODE = "NO_AUTO_VALUE_ON_ZERO";
SET time_zone = "+00:00";


/*!40101 SET @OLD_CHARACTER_SET_CLIENT=@@CHARACTER_SET_CLIENT */;
/*!40101 SET @OLD_CHARACTER_SET_RESULTS=@@CHARACTER_SET_RESULTS */;
/*!40101 SET @OLD_COLLATION_CONNECTION=@@COLLATION_CONNECTION */;
/*!40101 SET NAMES utf8mb4 */;

--
-- 資料庫： `happytea`
--

-- --------------------------------------------------------

--
-- 資料表結構 `additional_item`
--

CREATE TABLE `additional_item` (
  `ai_id` int(11) NOT NULL,
  `at_id` int(11) NOT NULL,
  `name` char(50) CHARACTER SET utf8 COLLATE utf8_unicode_ci NOT NULL,
  `price` int(11) NOT NULL
) ENGINE=InnoDB DEFAULT CHARSET=utf8 COLLATE=utf8_bin;

--
-- 資料表的匯出資料 `additional_item`
--

INSERT INTO `additional_item` (`ai_id`, `at_id`, `name`, `price`) VALUES
(36, 20, '正常', 0),
(37, 20, '少冰', 0),
(38, 20, '微冰', 0),
(39, 20, '完全去冰', 0),
(40, 21, '全糖3/3', 0),
(41, 21, '少糖2/3', 0),
(42, 21, '半糖1/2', 0),
(43, 21, '微糖1/3', 0),
(44, 21, '去糖', 0),
(45, 22, '珍珠', 5),
(46, 22, '椰果', 5),
(47, 22, '蘆薈', 10),
(48, 22, '芋圓', 10),
(49, 22, '黑眼豆豆', 10),
(50, 22, '大甲芋頭', 15),
(51, 22, '布丁(一顆)', 15),
(52, 22, 'OREO', 15),
(53, 26, 'M', 0),
(54, 26, 'L', 5),
(55, 25, 'M', 0),
(56, 25, 'L', 10),
(57, 29, 'S', 0),
(58, 27, 'L', 0),
(59, 28, 'M', 0),
(60, 32, '甜度限定', 0),
(61, 31, '冷飲限定', 0),
(62, 30, '熱飲限定', 0);

-- --------------------------------------------------------

--
-- 資料表結構 `additional_type`
--

CREATE TABLE `additional_type` (
  `at_id` int(11) NOT NULL,
  `option_name` char(50) CHARACTER SET utf8 COLLATE utf8_unicode_ci NOT NULL,
  `multiple_choice` tinyint(1) NOT NULL
) ENGINE=InnoDB DEFAULT CHARSET=utf8 COLLATE=utf8_bin;

--
-- 資料表的匯出資料 `additional_type`
--

INSERT INTO `additional_type` (`at_id`, `option_name`, `multiple_choice`) VALUES
(20, '冰量表', 0),
(21, '甜度表', 0),
(22, '加料區', 1),
(25, '中/大杯(價差10元)', 0),
(26, '中/大杯(價差5元)', 0),
(27, '大杯', 0),
(28, '中杯', 0),
(29, '小杯', 0),
(30, '熱飲限定', 0),
(31, '冷飲限定', 0),
(32, '甜度限定', 0);

-- --------------------------------------------------------

--
-- 資料表結構 `config`
--

CREATE TABLE `config` (
  `name` varchar(255) COLLATE utf8_unicode_ci NOT NULL,
  `value` varchar(255) COLLATE utf8_unicode_ci NOT NULL
) ENGINE=InnoDB DEFAULT CHARSET=utf8 COLLATE=utf8_unicode_ci;

--
-- 資料表的匯出資料 `config`
--

INSERT INTO `config` (`name`, `value`) VALUES
('verification', 'ae88'),
('verification_time', '1466415434');

-- --------------------------------------------------------

--
-- 資料表結構 `log`
--

CREATE TABLE `log` (
  `log_id` int(11) NOT NULL,
  `o_id` int(11) NOT NULL,
  `time` datetime NOT NULL,
  `s_text` varchar(255) COLLATE utf8_unicode_ci NOT NULL,
  `m_text` varchar(255) COLLATE utf8_unicode_ci NOT NULL,
  `quantity` int(11) NOT NULL,
  `price` int(11) NOT NULL,
  `shop_id` int(11) NOT NULL
) ENGINE=InnoDB DEFAULT CHARSET=utf8 COLLATE=utf8_unicode_ci;

--
-- 資料表的匯出資料 `log`
--

INSERT INTO `log` (`log_id`, `o_id`, `time`, `s_text`, `m_text`, `quantity`, `price`, `shop_id`) VALUES
(10, 76, '2016-06-23 10:46:34', '漢堡', '火腿蛋餅', 5, 40, 1),
(11, 76, '2016-06-23 10:46:34', '漢堡', '章魚漢堡', 1, 55, 1),
(12, 75, '2016-06-20 17:34:02', '漢堡', '章魚漢堡', 1, 65, 1),
(13, 79, '2016-07-20 22:23:51', '漢堡', '火腿蛋餅', 1, 40, 1),
(14, 79, '2016-07-20 22:23:51', '漢堡', '章魚漢堡', 1, 50, 1),
(15, 78, '2016-07-20 22:21:34', '漢堡', '火腿蛋餅', 1, 40, 1),
(16, 78, '2016-07-20 22:21:34', '漢堡', '章魚漢堡', 1, 50, 1),
(17, 77, '2016-07-20 22:18:28', '漢堡', '火腿蛋餅', 1, 40, 1),
(18, 80, '2016-07-20 22:29:09', '三明治', '火腿三明治', 10, 50, 1),
(25, 81, '2016-07-20 22:32:18', '漢堡', '火腿蛋餅', 2, 40, 1),
(26, 81, '2016-07-20 22:32:18', '三明治', '火腿三明治', 9, 50, 1),
(27, 81, '2016-07-20 22:32:18', '漢堡', '章魚漢堡', 1, 50, 1),
(28, 86, '2016-07-21 07:58:55', '漢堡', '章魚漢堡', 1, 50, 1),
(29, 88, '2016-07-21 20:57:33', '漢堡', '章魚漢堡', 1, 50, 1),
(30, 93, '2016-07-22 23:30:17', '漢堡', '章魚漢堡', 9, 50, 1),
(31, 93, '2016-07-22 23:30:17', '漢堡', '火腿蛋餅', 4, 40, 1),
(32, 93, '2016-07-22 23:30:17', '三明治', '火腿三明治', 4, 50, 1),
(33, 95, '2016-07-23 12:01:07', '漢堡', '章魚漢堡', 1, 65, 1),
(34, 94, '2016-07-23 07:57:58', '漢堡', '章魚漢堡', 1, 50, 1),
(35, 94, '2016-07-23 07:57:58', '三明治', '火腿三明治', 1, 50, 1),
(36, 98, '2016-07-23 16:14:26', '三明治', '火腿三明治', 1, 50, 1),
(37, 99, '2016-07-23 16:15:08', '三明治', '火腿三明治', 1, 50, 1),
(38, 101, '2016-07-24 19:14:54', '漢堡', '火腿蛋餅', 7, 40, 1),
(39, 101, '2016-07-24 19:14:54', '三明治', '豬排蛋三明治', 1, 55, 1),
(40, 102, '2016-07-25 22:08:16', '漢堡', '章魚漢堡', 5, 50, 1),
(41, 103, '2016-07-25 22:13:27', '三明治', '豬排蛋三明治', 1, 40, 1),
(42, 103, '2016-07-25 22:13:27', '三明治', '火腿三明治', 1, 50, 1),
(43, 104, '2016-07-25 22:26:15', '三明治', '豬排蛋三明治', 1, 40, 1),
(44, 105, '2016-07-25 22:26:20', '三明治', '火腿三明治', 9, 50, 1),
(45, 106, '2016-07-25 22:26:38', '三明治', '豬排蛋三明治', 8, 55, 1),
(46, 106, '2016-07-25 22:26:38', '三明治', '火腿三明治', 5, 50, 1),
(47, 107, '2016-07-25 22:27:05', '三明治', '豬排蛋三明治', 6, 40, 1),
(48, 108, '2016-07-25 22:33:53', '三明治', '豬排蛋三明治', 1, 40, 1),
(49, 108, '2016-07-25 22:33:53', '三明治', '火腿三明治', 1, 50, 1),
(50, 109, '2016-07-25 22:38:57', '三明治', '火腿三明治', 1, 50, 1),
(51, 109, '2016-07-25 22:38:57', '三明治', '豬排蛋三明治', 2, 45, 1),
(52, 109, '2016-07-25 22:38:57', '三明治', '豬排蛋三明治', 1, 40, 1),
(53, 119, '2016-07-26 14:23:41', '三明治', '火腿三明治', 1, 50, 1),
(54, 119, '2016-07-26 14:23:41', '三明治', '火腿三明治', 1, 50, 1),
(55, 112, '2016-07-25 22:47:39', '三明治', '美式', 1, 0, 1),
(56, 112, '2016-07-25 22:47:39', '三明治', '豬排蛋三明治', 5, 40, 1),
(57, 114, '2016-07-26 10:33:03', '蛋餅', '原味', 1, 35, 1),
(58, 116, '2016-07-26 14:07:23', '蛋餅', '原味', 1, 35, 1),
(59, 129, '2016-07-27 22:50:20', '蛋餅', '原味', 2, 35, 1),
(60, 131, '2016-07-29 18:15:14', '蛋餅', '起司', 1, 40, 1),
(61, 132, '2016-07-31 14:37:45', '蛋餅', '培根', 1, 40, 1),
(62, 133, '2016-07-31 16:45:21', '蛋餅', '蔬菜', 1, 50, 1),
(63, 117, '2016-07-26 14:10:56', '三明治', '豬排蛋三明治', 1, 55, 1),
(64, 121, '2016-07-27 16:13:58', '三明治', '美式三明治', 10, 0, 1),
(65, 123, '2016-07-27 22:44:28', '三明治', '豬排蛋三明治', 5, 45, 1),
(66, 123, '2016-07-27 22:44:28', '三明治', '火腿蛋三明治', 4, 50, 1),
(67, 128, '2016-07-27 22:49:37', '蛋餅', '原味蛋餅', 2, 55, 1),
(68, 134, '2016-07-31 23:08:36', '三明治', '美式三明治', 1, 0, 1),
(69, 134, '2016-07-31 23:08:36', '飲料', '可樂', 1, 25, 1),
(70, 136, '2016-08-02 12:35:39', '三明治', '美式三明治', 3, 0, 1),
(71, 135, '2016-07-31 23:37:37', '蛋餅', '玉米蛋餅', 3, 35, 1),
(72, 135, '2016-07-31 23:37:37', '三明治', '蔬果三明治', 7, 40, 1),
(73, 135, '2016-07-31 23:37:37', '三明治', '卡拉雞三明治', 4, 45, 1),
(74, 135, '2016-07-31 23:37:37', '蛋餅', '原味蛋餅', 9, 35, 1),
(75, 135, '2016-07-31 23:37:37', '飲料', '奶茶', 16, 20, 1),
(76, 135, '2016-07-31 23:37:37', '飲料', '米漿', 1, 20, 1),
(77, 135, '2016-07-31 23:37:37', '飲料', '豆漿', 7, 20, 1),
(78, 137, '2016-08-02 12:39:33', '蛋餅', '玉米蛋餅', 1, 50, 1),
(79, 138, '2016-08-03 01:13:59', '蛋餅', '原味蛋餅', 6, 35, 1);

-- --------------------------------------------------------

--
-- 資料表結構 `main`
--

CREATE TABLE `main` (
  `m_id` int(10) UNSIGNED NOT NULL,
  `name` char(50) CHARACTER SET utf8 COLLATE utf8_unicode_ci NOT NULL,
  `price` int(11) NOT NULL,
  `s_id` int(11) NOT NULL,
  `at_id` int(11) NOT NULL,
  `required_option` tinyint(1) NOT NULL,
  `order_num` int(11) NOT NULL
) ENGINE=InnoDB DEFAULT CHARSET=utf8 COLLATE=utf8_bin;

--
-- 資料表的匯出資料 `main`
--

INSERT INTO `main` (`m_id`, `name`, `price`, `s_id`, `at_id`, `required_option`, `order_num`) VALUES
(49, '百香鮮Q綠茶', 40, 13, 22, 1, 2147483647),
(50, '紅豆珍珠奶茶', 40, 13, 22, 1, 2147483647),
(51, '日月潭紅茶', 15, 14, 22, 1, 2147483647),
(52, '冬瓜甘露', 20, 17, 22, 1, 2147483647),
(53, '冬瓜拿鐵', 50, 18, 22, 1, 2147483647),
(54, '仙草甘茶(3月-10月)', 20, 20, 22, 1, 2147483647),
(55, '文山青心茶(3月-10月)', 25, 20, 22, 1, 2147483647),
(56, '冬瓜青茶', 30, 19, 22, 1, 2147483647),
(57, '現榨檸檬汁', 35, 17, 22, 1, 2147483647),
(58, '鮮桔茶', 40, 17, 22, 1, 2147483647),
(59, '健康水果茶', 50, 17, 22, 1, 2147483647);

-- --------------------------------------------------------

--
-- 資料表結構 `orders`
--

CREATE TABLE `orders` (
  `o_id` int(11) NOT NULL,
  `u_id` int(11) NOT NULL DEFAULT '1',
  `o_time` datetime NOT NULL,
  `o_utime` timestamp NOT NULL DEFAULT CURRENT_TIMESTAMP ON UPDATE CURRENT_TIMESTAMP,
  `o_estimate_time` datetime DEFAULT NULL,
  `table_num` int(11) NOT NULL,
  `people_num` int(11) NOT NULL COMMENT '本欄位無功能上之用途，但可作為統計與產生報表之用',
  `status` enum('CANCEL','WAIT','MAKING','DONE','ARCHIVE') COLLATE utf8_bin NOT NULL,
  `shop_id` int(11) NOT NULL
) ENGINE=InnoDB DEFAULT CHARSET=utf8 COLLATE=utf8_bin;

--
-- 資料表的匯出資料 `orders`
--

INSERT INTO `orders` (`o_id`, `u_id`, `o_time`, `o_utime`, `o_estimate_time`, `table_num`, `people_num`, `status`, `shop_id`) VALUES
(21, 1, '2015-12-01 04:18:30', '2016-09-19 02:59:37', NULL, 16, 3, 'ARCHIVE', 1),
(22, 1, '2016-01-06 00:00:00', '2016-09-19 02:59:37', NULL, 16, 2, 'CANCEL', 1),
(23, 1, '2016-01-08 15:20:48', '2016-09-19 02:59:37', NULL, 16, 2, 'CANCEL', 1),
(24, 1, '2016-01-08 15:43:24', '2016-09-19 02:59:37', NULL, 16, 2, 'CANCEL', 1),
(25, 1, '2016-01-08 16:45:25', '2016-09-19 02:59:37', NULL, 16, 2, 'CANCEL', 1),
(26, 1, '2016-01-14 00:00:26', '2016-09-19 02:59:37', NULL, 16, 2, 'ARCHIVE', 1),
(27, 1, '2016-01-17 13:54:59', '2016-09-19 02:59:37', NULL, 16, 2, 'CANCEL', 1),
(28, 1, '2016-01-17 13:56:41', '2016-09-19 02:59:37', NULL, 16, 2, 'ARCHIVE', 1),
(29, 1, '2016-01-17 13:57:23', '2016-09-19 02:59:37', NULL, 16, 2, 'CANCEL', 1),
(30, 1, '2016-01-17 21:21:59', '2016-09-19 02:59:37', NULL, 16, 2, 'CANCEL', 1),
(31, 1, '2016-01-17 21:24:08', '2016-09-19 02:59:37', NULL, 16, 2, 'ARCHIVE', 1),
(32, 1, '2016-01-17 21:45:48', '2016-09-19 02:59:37', NULL, 16, 2, 'CANCEL', 1),
(33, 1, '2016-01-17 21:46:19', '2016-09-19 02:59:37', NULL, 16, 2, 'CANCEL', 1),
(34, 1, '2016-01-17 21:46:40', '2016-09-19 02:59:37', NULL, 16, 2, 'CANCEL', 1),
(35, 1, '2016-01-19 21:01:37', '2016-09-19 02:59:37', NULL, 16, 2, 'CANCEL', 1),
(36, 1, '2016-01-19 21:01:55', '2016-09-19 02:59:37', NULL, 16, 2, 'CANCEL', 1),
(37, 1, '2016-01-24 21:50:13', '2016-09-19 02:59:37', NULL, 16, 2, 'CANCEL', 1),
(38, 1, '2016-01-24 21:51:01', '2016-09-19 02:59:37', NULL, 16, 2, 'CANCEL', 1),
(39, 1, '2016-01-24 22:05:28', '2016-09-19 02:59:37', '2016-02-06 11:32:46', 16, 2, 'ARCHIVE', 1),
(40, 1, '2016-01-24 22:05:28', '2016-09-19 02:59:37', '2016-02-06 12:06:07', 16, 2, 'CANCEL', 1),
(41, 1, '2016-02-06 12:00:42', '2016-09-19 02:59:37', '2016-02-06 12:35:42', 16, 2, 'CANCEL', 1),
(42, 1, '2016-02-06 12:01:36', '2016-09-19 02:59:37', '2016-02-06 12:29:17', 16, 2, 'CANCEL', 1),
(43, 1, '2016-02-06 12:27:04', '2016-09-19 02:59:37', '2016-02-06 12:33:21', 16, 2, 'ARCHIVE', 1),
(44, 1, '2016-03-29 23:58:40', '2016-09-19 02:59:37', NULL, 16, 2, 'CANCEL', 1),
(45, 1, '2016-03-30 00:08:56', '2016-09-19 02:59:37', NULL, 2, 1, 'ARCHIVE', 1),
(46, 1, '2016-04-24 18:03:00', '2016-09-19 02:59:37', NULL, 16, 2, 'CANCEL', 1),
(47, 1, '2016-04-24 18:03:57', '2016-09-19 02:59:37', NULL, 23, 1, 'CANCEL', 1),
(48, 1, '2016-04-24 18:04:40', '2016-09-19 02:59:37', NULL, 16, 2, 'CANCEL', 1),
(49, 1, '2016-04-24 18:04:57', '2016-09-19 02:59:37', NULL, 234, 1, 'CANCEL', 1),
(50, 1, '2016-04-24 18:06:55', '2016-09-19 02:59:37', NULL, 234, 1, 'CANCEL', 1),
(51, 1, '2016-04-24 18:45:03', '2016-09-19 02:59:37', NULL, 16, 2, 'CANCEL', 1),
(52, 1, '2016-04-24 18:47:35', '2016-09-19 02:59:37', NULL, 5, 1, 'CANCEL', 1),
(53, 1, '2016-04-24 18:49:40', '2016-09-19 02:59:37', NULL, 5, 15, 'CANCEL', 1),
(54, 1, '2016-04-13 18:51:44', '2016-09-19 02:59:37', '2016-04-24 19:31:36', 9, 4, 'ARCHIVE', 1),
(55, 1, '2016-04-24 19:41:25', '2016-09-19 02:59:37', NULL, 16, 2, 'ARCHIVE', 1),
(56, 1, '2016-04-24 07:33:35', '2016-09-19 02:59:37', '2016-05-01 23:08:48', 16, 2, 'ARCHIVE', 1),
(57, 1, '2016-04-24 22:53:19', '2016-09-19 02:59:37', NULL, 16, 2, 'CANCEL', 1),
(58, 1, '2016-04-24 22:55:25', '2016-09-19 02:59:37', NULL, 16, 2, 'ARCHIVE', 1),
(59, 1, '2016-04-24 22:55:58', '2016-09-19 02:59:37', NULL, 123, 1, 'CANCEL', 1),
(60, 1, '2016-04-24 23:13:55', '2016-09-19 02:59:37', NULL, 16, 2, 'ARCHIVE', 1),
(61, 1, '2016-05-02 08:51:42', '2016-09-19 02:59:37', '2016-05-03 02:50:28', 3, 1, 'CANCEL', 1),
(62, 1, '2016-05-02 09:30:12', '2016-09-19 02:59:37', '2016-05-02 14:53:40', 3, 1, 'CANCEL', 1),
(63, 1, '2016-05-03 14:02:43', '2016-09-19 02:59:37', '2016-05-03 14:39:35', 123, 1, 'CANCEL', 1),
(64, 1, '2016-05-03 14:09:47', '2016-09-19 02:59:37', '2016-05-03 15:12:53', 123, 1, 'ARCHIVE', 1),
(65, 1, '2016-05-03 14:59:01', '2016-09-19 02:59:37', '2016-05-03 16:00:41', 123, 1, 'ARCHIVE', 1),
(66, 1, '2016-05-03 15:03:15', '2016-09-19 02:59:37', '2016-05-03 15:36:17', 123, 1, 'ARCHIVE', 1),
(67, 1, '2016-05-05 08:27:02', '2016-09-19 02:59:37', '2016-05-05 09:34:17', 3, 1, 'ARCHIVE', 1),
(68, 1, '2016-05-12 09:52:12', '2016-09-19 02:59:37', '2016-05-12 10:48:28', 16, 2, 'ARCHIVE', 1),
(69, 1, '2016-05-12 10:06:21', '2016-09-19 02:59:37', NULL, 1, 1, 'CANCEL', 1),
(70, 1, '2016-05-12 10:12:20', '2016-09-19 02:59:37', NULL, 1, 1, 'CANCEL', 1),
(71, 1, '2016-05-15 19:00:44', '2016-09-19 02:59:37', '2016-05-15 19:07:14', 16, 2, 'ARCHIVE', 1),
(72, 1, '2016-05-16 22:24:37', '2016-09-19 02:59:37', NULL, 16, 2, 'WAIT', 1),
(73, 1, '2016-06-20 14:21:43', '2016-09-19 02:59:37', NULL, 23, 1, 'WAIT', 1),
(74, 1, '2016-06-20 14:23:04', '2016-09-19 02:59:37', '2016-06-21 06:49:14', 23, 1, 'ARCHIVE', 1),
(75, 1, '2016-06-20 17:34:02', '2016-09-19 02:59:37', '2016-06-21 16:02:55', 123, 1, 'ARCHIVE', 1),
(76, 1, '2016-06-23 10:46:34', '2016-09-19 02:59:37', '2016-06-27 11:40:04', 5, 1, 'ARCHIVE', 1),
(77, 1, '2016-07-20 22:18:28', '2016-09-19 02:59:37', NULL, 44, 1, 'ARCHIVE', 1),
(78, 1, '2016-07-20 22:21:34', '2016-09-19 02:59:37', NULL, 1234, 1, 'ARCHIVE', 1),
(79, 1, '2016-07-20 22:23:51', '2016-09-19 02:59:37', NULL, 555, 1, 'ARCHIVE', 1),
(80, 1, '2016-07-20 22:29:09', '2016-09-19 02:59:37', NULL, 777, 1, 'ARCHIVE', 1),
(81, 1, '2016-07-20 22:32:18', '2016-09-19 02:59:37', NULL, 75556, 1, 'ARCHIVE', 1),
(82, 1, '2016-07-20 22:48:49', '2016-09-19 02:59:37', NULL, 333, 1, 'CANCEL', 1),
(83, 1, '2016-07-20 22:49:14', '2016-09-19 02:59:37', NULL, 1, 1, 'CANCEL', 1),
(84, 1, '2016-07-20 22:50:00', '2016-09-19 02:59:37', NULL, 333, 1, 'CANCEL', 1),
(85, 1, '2016-07-20 22:52:26', '2016-09-19 02:59:37', NULL, 987, 1, 'CANCEL', 1),
(86, 1, '2016-07-21 07:58:55', '2016-09-19 02:59:37', NULL, 44, 1, 'ARCHIVE', 1),
(87, 1, '2016-07-21 08:55:58', '2016-09-19 02:59:37', NULL, 543, 1, 'CANCEL', 1),
(88, 1, '2016-07-21 20:57:33', '2016-09-19 02:59:37', NULL, 1234, 1, 'ARCHIVE', 1),
(89, 1, '2016-07-22 21:14:06', '2016-09-19 02:59:37', NULL, 44, 1, 'CANCEL', 1),
(90, 1, '2016-07-22 22:25:14', '2016-09-19 02:59:37', NULL, 22, 1, 'CANCEL', 1),
(91, 1, '2016-07-22 23:02:47', '2016-09-19 02:59:37', NULL, 2, 1, 'CANCEL', 1),
(92, 1, '2016-07-22 23:07:46', '2016-09-19 02:59:37', NULL, 1223, 1, 'CANCEL', 1),
(93, 1, '2016-07-22 23:30:17', '2016-09-19 02:59:37', NULL, 22, 1, 'ARCHIVE', 1),
(94, 1, '2016-07-23 07:57:58', '2016-09-19 02:59:37', NULL, 3, 1, 'ARCHIVE', 1),
(95, 1, '2016-07-23 12:01:07', '2016-09-19 02:59:37', NULL, 23, 1, 'ARCHIVE', 1),
(96, 1, '2016-07-23 12:10:50', '2016-09-19 02:59:37', NULL, 456, 1, 'CANCEL', 1),
(97, 1, '2016-07-23 12:14:12', '2016-09-19 02:59:37', NULL, 123, 1, 'CANCEL', 1),
(98, 1, '2016-07-23 16:14:26', '2016-09-19 02:59:37', NULL, 5, 1, 'ARCHIVE', 1),
(99, 1, '2016-07-23 16:15:08', '2016-09-19 02:59:37', NULL, 5, 1, 'ARCHIVE', 1),
(100, 1, '2016-07-23 18:10:28', '2016-09-19 02:59:37', NULL, 44, 1, 'CANCEL', 1),
(101, 1, '2016-07-24 19:14:54', '2016-09-19 02:59:37', NULL, 55, 1, 'ARCHIVE', 1),
(102, 1, '2016-07-25 22:08:16', '2016-09-19 02:59:37', NULL, 3242, 1, 'ARCHIVE', 1),
(103, 1, '2016-07-25 22:13:27', '2016-09-19 02:59:37', NULL, 0, 0, 'ARCHIVE', 1),
(104, 1, '2016-07-25 22:26:15', '2016-09-19 02:59:37', NULL, 0, 0, 'ARCHIVE', 1),
(105, 1, '2016-07-25 22:26:20', '2016-09-19 02:59:37', NULL, 0, 0, 'ARCHIVE', 1),
(106, 1, '2016-07-25 22:26:38', '2016-09-19 02:59:37', NULL, 0, 0, 'ARCHIVE', 1),
(107, 1, '2016-07-25 22:27:05', '2016-09-19 02:59:37', NULL, 0, 0, 'ARCHIVE', 1),
(108, 1, '2016-07-25 22:33:53', '2016-09-19 02:59:37', NULL, 46, 1, 'ARCHIVE', 1),
(109, 1, '2016-07-25 22:38:57', '2016-09-19 02:59:37', NULL, 123, 1, 'ARCHIVE', 1),
(110, 1, '2016-07-25 22:46:40', '2016-09-19 02:59:37', NULL, 12, 1, 'CANCEL', 1),
(111, 1, '2016-07-25 22:47:30', '2016-09-19 02:59:37', NULL, 1, 1, 'CANCEL', 1),
(112, 1, '2016-07-25 22:47:39', '2016-09-19 02:59:37', NULL, 123, 1, 'ARCHIVE', 1),
(113, 1, '2016-07-25 22:47:45', '2016-09-19 02:59:37', NULL, 123, 1, 'CANCEL', 1),
(114, 1, '2016-07-26 10:33:03', '2016-09-19 02:59:37', NULL, 2, 1, 'ARCHIVE', 1),
(115, 1, '2016-07-26 10:33:52', '2016-09-19 02:59:37', NULL, 55, 1, 'CANCEL', 1),
(116, 1, '2016-07-26 14:07:23', '2016-09-19 02:59:37', NULL, 6, 1, 'ARCHIVE', 1),
(117, 1, '2016-07-26 14:10:56', '2016-09-19 02:59:37', NULL, 7, 1, 'ARCHIVE', 1),
(118, 1, '2016-07-26 14:22:26', '2016-09-19 02:59:37', NULL, 4, 1, 'CANCEL', 1),
(119, 1, '2016-07-26 14:23:41', '2016-09-19 02:59:37', NULL, 7, 1, 'ARCHIVE', 1),
(120, 1, '2016-07-26 14:24:22', '2016-09-19 02:59:37', NULL, 9, 1, 'CANCEL', 1),
(121, 1, '2016-07-27 16:13:58', '2016-09-19 02:59:37', NULL, 4, 4, 'ARCHIVE', 1),
(122, 1, '2016-07-27 17:04:44', '2016-09-19 02:59:37', NULL, 133123132, 1, 'CANCEL', 1),
(123, 1, '2016-07-27 22:44:28', '2016-09-19 02:59:37', NULL, 0, 1, 'ARCHIVE', 1),
(124, 1, '2016-07-27 22:46:04', '2016-09-19 02:59:37', NULL, 123, 1, 'CANCEL', 1),
(125, 1, '2016-07-27 22:46:45', '2016-09-19 02:59:37', NULL, 123, 1, 'CANCEL', 1),
(126, 1, '2016-07-27 22:47:13', '2016-09-19 02:59:37', NULL, 0, 1, 'CANCEL', 1),
(127, 1, '2016-07-27 22:47:48', '2016-09-19 02:59:37', NULL, 1212, 1, 'CANCEL', 1),
(128, 1, '2016-07-27 22:49:37', '2016-09-19 02:59:37', NULL, 0, 1, 'ARCHIVE', 1),
(129, 1, '2016-07-27 22:50:20', '2016-09-19 02:59:37', NULL, 12, 1, 'ARCHIVE', 1),
(130, 1, '2016-07-29 01:06:07', '2016-09-19 02:59:37', NULL, 9876, 1, 'CANCEL', 1),
(131, 1, '2016-07-29 18:15:14', '2016-09-19 02:59:37', NULL, 5, 1, 'ARCHIVE', 1),
(132, 1, '2016-07-31 14:37:45', '2016-09-19 02:59:37', NULL, 1234, 1, 'ARCHIVE', 1),
(133, 1, '2016-07-31 16:45:21', '2016-09-19 02:59:37', NULL, 2, 1, 'ARCHIVE', 1),
(134, 1, '2016-07-31 23:08:36', '2016-09-19 02:59:37', NULL, 23, 2, 'ARCHIVE', 1),
(135, 1, '2016-07-31 23:37:37', '2016-09-19 02:59:37', NULL, 23, 2, 'ARCHIVE', 1),
(136, 1, '2016-08-02 12:35:39', '2016-09-19 02:59:37', NULL, 23, 0, 'ARCHIVE', 1),
(137, 11, '2016-08-02 12:39:33', '2016-09-19 02:59:37', NULL, 4444, 0, 'ARCHIVE', 1),
(138, 1, '2016-08-03 01:13:59', '2016-09-19 02:59:37', NULL, 123, 0, 'ARCHIVE', 1),
(139, 1, '2016-08-03 01:14:39', '2016-09-19 04:12:03', NULL, 123, 0, 'DONE', 1),
(140, 1, '2016-08-03 01:14:54', '2016-09-19 02:59:37', NULL, 123, 0, 'MAKING', 1);

-- --------------------------------------------------------

--
-- 資料表結構 `required_option`
--

CREATE TABLE `required_option` (
  `ro_id` int(11) NOT NULL,
  `name` char(50) CHARACTER SET utf8 COLLATE utf8_unicode_ci NOT NULL,
  `m_id` int(11) NOT NULL,
  `at_id` int(11) NOT NULL
) ENGINE=InnoDB DEFAULT CHARSET=utf8 COLLATE=utf8_bin;

--
-- 資料表的匯出資料 `required_option`
--

INSERT INTO `required_option` (`ro_id`, `name`, `m_id`, `at_id`) VALUES
(20, '', 49, 21),
(21, '', 49, 26),
(22, '', 49, 31),
(23, '', 50, 20),
(24, '', 50, 21),
(25, '', 50, 25),
(26, '', 51, 20),
(27, '', 51, 21),
(28, '', 51, 26),
(29, '', 52, 21),
(30, '', 52, 26),
(31, '', 52, 31),
(32, '', 53, 20),
(33, '', 53, 27),
(34, '', 53, 32),
(35, '', 54, 26),
(36, '', 54, 31),
(37, '', 54, 32),
(38, '', 55, 26),
(39, '', 55, 31),
(40, '', 55, 32),
(41, '', 56, 20),
(42, '', 56, 21),
(43, '', 56, 26),
(44, '', 57, 20),
(45, '', 57, 21),
(46, '', 57, 25),
(47, '', 58, 20),
(48, '', 58, 21),
(49, '', 58, 26),
(50, '', 59, 20),
(51, '', 59, 21),
(52, '', 59, 27);

-- --------------------------------------------------------

--
-- 資料表結構 `series`
--

CREATE TABLE `series` (
  `s_id` int(11) NOT NULL,
  `order_num` int(30) NOT NULL,
  `name` char(50) CHARACTER SET utf8 COLLATE utf8_unicode_ci NOT NULL,
  `shop_id` int(11) NOT NULL
) ENGINE=InnoDB DEFAULT CHARSET=utf8 COLLATE=utf8_bin;

--
-- 資料表的匯出資料 `series`
--

INSERT INTO `series` (`s_id`, `order_num`, `name`, `shop_id`) VALUES
(13, 2147483647, '獨創飲品', 1),
(14, 2147483647, '原味茶', 1),
(15, 2147483647, '咖啡', 1),
(16, 2147483647, '奶茶', 1),
(17, 2147483647, '新鮮茶', 1),
(18, 2147483647, '拿鐵', 1),
(19, 2147483647, '調味茶', 1),
(20, 2147483647, '季節限定', 1);

-- --------------------------------------------------------

--
-- 資料表結構 `sh-i_ai`
--

CREATE TABLE `sh-i_ai` (
  `sh-i_ai_id` int(11) NOT NULL,
  `sh-i_id` int(11) NOT NULL,
  `ai_id` int(11) NOT NULL,
  `is_ro` int(11) NOT NULL
) ENGINE=InnoDB DEFAULT CHARSET=utf8 COLLATE=utf8_unicode_ci;

--
-- 資料表的匯出資料 `sh-i_ai`
--

INSERT INTO `sh-i_ai` (`sh-i_ai_id`, `sh-i_id`, `ai_id`, `is_ro`) VALUES
(11, 8, 4, 1),
(12, 9, 6, 0),
(13, 9, 7, 1),
(14, 10, 2, 1),
(15, 10, 3, 1),
(16, 12, 3, 0),
(17, 14, 3, 0),
(18, 15, 6, 0),
(19, 16, 1, 0),
(20, 16, 2, 0),
(21, 18, 2, 0),
(22, 19, 3, 0),
(23, 21, 3, 0),
(24, 22, 1, 0),
(25, 22, 2, 0),
(26, 23, 6, 0),
(27, 24, 3, 1),
(28, 24, 6, 1),
(29, 25, 3, 1),
(30, 25, 6, 1),
(31, 26, 3, 1),
(32, 26, 7, 1),
(33, 27, 3, 1),
(34, 27, 6, 1),
(35, 28, 3, 1),
(36, 28, 7, 1),
(37, 29, 3, 1),
(38, 29, 6, 1),
(39, 30, 3, 1),
(40, 30, 7, 1),
(41, 31, 2, 0),
(42, 32, 3, 1),
(43, 32, 6, 1),
(44, 33, 3, 1),
(45, 33, 7, 1),
(46, 34, 3, 1),
(47, 34, 6, 1),
(48, 35, 3, 1),
(49, 35, 7, 1),
(50, 36, 2, 0),
(51, 37, 3, 1),
(52, 37, 6, 1),
(53, 38, 3, 1),
(54, 38, 7, 1),
(55, 39, 2, 0),
(56, 40, 3, 1),
(57, 40, 7, 1),
(58, 41, 5, 1),
(59, 41, 7, 1),
(60, 42, 3, 1),
(61, 42, 7, 1),
(62, 43, 5, 1),
(63, 43, 7, 1),
(64, 44, 1, 0),
(65, 44, 2, 0),
(66, 45, 1, 0),
(67, 45, 2, 0),
(68, 46, 1, 0),
(69, 46, 2, 0),
(70, 47, 3, 1),
(71, 47, 6, 1),
(72, 48, 5, 1),
(73, 48, 6, 1),
(74, 49, 1, 0),
(75, 49, 2, 0),
(76, 50, 3, 1),
(77, 50, 6, 1),
(78, 51, 5, 1),
(79, 51, 6, 1),
(80, 52, 3, 1),
(81, 52, 6, 1),
(82, 53, 3, 1),
(83, 55, 3, 1),
(84, 57, 1, 0),
(85, 57, 2, 0),
(86, 58, 3, 1),
(87, 58, 6, 1),
(88, 59, 1, 0),
(89, 59, 2, 0),
(90, 60, 2, 0),
(91, 61, 3, 1),
(92, 61, 7, 1),
(93, 62, 3, 1),
(94, 62, 6, 1),
(95, 63, 1, 0),
(96, 63, 2, 0),
(97, 64, 3, 1),
(98, 64, 6, 1),
(99, 65, 1, 0),
(100, 65, 2, 0),
(101, 66, 3, 1),
(102, 66, 6, 1),
(103, 67, 1, 0),
(104, 67, 2, 0),
(105, 68, 8, 0),
(106, 68, 3, 1),
(107, 69, 8, 0),
(108, 69, 3, 1),
(109, 70, 11, 0),
(110, 71, 8, 0),
(111, 72, 1, 0),
(112, 72, 2, 0),
(113, 73, 2, 0),
(114, 74, 2, 0),
(115, 75, 2, 0),
(116, 76, 3, 1),
(117, 76, 7, 1),
(118, 77, 1, 0),
(119, 77, 2, 0),
(120, 78, 3, 1),
(121, 78, 6, 1),
(122, 79, 1, 0),
(123, 79, 2, 0),
(124, 81, 3, 1),
(125, 81, 6, 1),
(126, 82, 3, 1),
(127, 82, 6, 1),
(128, 84, 3, 1),
(129, 84, 6, 1),
(130, 85, 3, 1),
(131, 85, 6, 1),
(132, 86, 2, 0),
(133, 87, 3, 1),
(134, 87, 6, 1),
(135, 88, 3, 1),
(136, 88, 6, 1),
(137, 89, 5, 1),
(138, 89, 6, 1),
(139, 90, 3, 1),
(140, 90, 6, 1),
(141, 91, 16, 1),
(142, 92, 19, 0),
(143, 92, 14, 1),
(144, 93, 14, 1),
(145, 94, 14, 1),
(146, 95, 18, 0),
(147, 95, 19, 0),
(148, 95, 14, 1),
(149, 96, 3, 1),
(150, 96, 6, 1),
(151, 97, 18, 0),
(152, 97, 19, 0),
(153, 97, 14, 1),
(154, 98, 3, 1),
(155, 98, 6, 1),
(156, 99, 14, 1),
(157, 100, 14, 1),
(158, 101, 3, 1),
(159, 101, 6, 1),
(160, 102, 14, 1),
(161, 103, 14, 1),
(162, 104, 3, 1),
(163, 104, 6, 1),
(164, 105, 14, 1),
(165, 106, 1, 0),
(166, 106, 2, 0),
(167, 107, 1, 0),
(168, 107, 2, 0),
(169, 109, 1, 0),
(170, 109, 2, 0),
(171, 111, 2, 0),
(172, 117, 22, 1),
(173, 119, 22, 1),
(174, 122, 1, 0),
(175, 122, 2, 0),
(176, 124, 22, 1),
(177, 137, 22, 1),
(178, 139, 22, 1),
(179, 140, 1, 0),
(180, 140, 2, 0),
(181, 141, 1, 0),
(182, 141, 2, 0),
(183, 142, 20, 0),
(184, 142, 22, 1),
(185, 143, 1, 0),
(186, 144, 1, 0),
(187, 144, 2, 0),
(188, 146, 1, 0),
(189, 146, 2, 0),
(190, 147, 23, 1),
(191, 148, 22, 1),
(192, 149, 22, 1),
(193, 150, 22, 1),
(194, 154, 1, 0),
(195, 154, 2, 0),
(196, 157, 22, 1),
(197, 159, 22, 1),
(198, 160, 1, 0),
(199, 160, 2, 0),
(200, 161, 22, 1),
(201, 164, 22, 1),
(202, 165, 22, 1),
(203, 166, 2, 0),
(204, 168, 23, 1),
(205, 172, 22, 1),
(206, 173, 23, 1),
(207, 175, 23, 1),
(208, 176, 1, 0),
(209, 176, 2, 0),
(210, 176, 29, 0),
(211, 177, 23, 1),
(212, 180, 1, 0),
(213, 180, 2, 0),
(214, 180, 29, 0),
(215, 181, 1, 0),
(216, 181, 29, 0),
(217, 181, 23, 1),
(218, 183, 23, 1),
(219, 185, 23, 1),
(220, 187, 23, 1),
(221, 188, 2, 0),
(222, 188, 29, 0),
(223, 190, 28, 1),
(224, 191, 28, 1),
(225, 192, 23, 1),
(226, 193, 28, 1),
(227, 194, 17, 0),
(228, 194, 18, 0),
(229, 194, 19, 0),
(230, 194, 23, 1),
(231, 195, 28, 1),
(232, 196, 20, 0),
(233, 196, 21, 0),
(234, 196, 27, 0),
(235, 197, 27, 0),
(236, 199, 20, 0),
(237, 199, 21, 0),
(238, 199, 27, 0),
(239, 201, 25, 0),
(240, 203, 23, 1),
(241, 205, 23, 1),
(242, 208, 25, 0),
(243, 210, 20, 0),
(244, 210, 21, 0),
(245, 210, 27, 0),
(246, 211, 23, 1),
(247, 212, 23, 1),
(248, 213, 20, 0),
(249, 213, 21, 0);

-- --------------------------------------------------------

--
-- 資料表結構 `share`
--

CREATE TABLE `share` (
  `sh_id` int(11) NOT NULL,
  `o_id` int(11) NOT NULL,
  `total` int(11) NOT NULL
) ENGINE=InnoDB DEFAULT CHARSET=utf8 COLLATE=utf8_bin;

--
-- 資料表的匯出資料 `share`
--

INSERT INTO `share` (`sh_id`, `o_id`, `total`) VALUES
(11, 21, 0),
(12, 22, 0),
(13, 23, 0),
(14, 24, 0),
(15, 25, 0),
(16, 26, 0),
(17, 27, 0),
(18, 28, 0),
(19, 29, 0),
(20, 30, 0),
(21, 31, 0),
(22, 32, 0),
(23, 33, 0),
(24, 34, 0),
(25, 35, 0),
(26, 36, 0),
(27, 37, 0),
(28, 38, 0),
(29, 39, 0),
(30, 40, 0),
(31, 41, 0),
(32, 42, 0),
(33, 43, 0),
(34, 44, 0),
(35, 45, 0),
(36, 46, 0),
(37, 47, 0),
(38, 48, 0),
(39, 49, 0),
(40, 50, 0),
(41, 51, 0),
(42, 52, 0),
(43, 53, 0),
(44, 54, 0),
(45, 55, 0),
(46, 56, 0),
(47, 57, 0),
(48, 58, 0),
(49, 59, 0),
(50, 60, 0),
(51, 61, 0),
(52, 62, 0),
(53, 63, 0),
(54, 64, 0),
(55, 65, 0),
(56, 66, 0),
(57, 67, 0),
(58, 68, 0),
(59, 69, 0),
(60, 70, 0),
(61, 71, 0),
(62, 72, 0),
(63, 73, 0),
(64, 74, 0),
(65, 75, 0),
(66, 76, 0),
(67, 77, 0),
(68, 78, 0),
(69, 79, 0),
(70, 80, 0),
(71, 81, 0),
(72, 82, 0),
(73, 83, 0),
(74, 84, 0),
(75, 85, 0),
(76, 86, 0),
(77, 87, 0),
(78, 88, 0),
(79, 89, 0),
(80, 90, 0),
(81, 91, 0),
(82, 92, 0),
(83, 93, 0),
(84, 94, 0),
(85, 95, 0),
(86, 96, 0),
(87, 97, 0),
(88, 98, 0),
(89, 99, 0),
(90, 100, 0),
(91, 101, 0),
(92, 102, 0),
(93, 103, 0),
(94, 104, 0),
(95, 105, 0),
(96, 106, 0),
(97, 107, 0),
(98, 108, 0),
(99, 109, 0),
(100, 110, 0),
(101, 111, 0),
(102, 112, 0),
(103, 113, 0),
(104, 114, 0),
(105, 115, 0),
(106, 116, 0),
(107, 117, 0),
(108, 118, 0),
(109, 119, 0),
(110, 120, 0),
(111, 121, 0),
(112, 122, 0),
(113, 123, 0),
(114, 124, 0),
(115, 125, 0),
(116, 126, 0),
(117, 127, 0),
(118, 128, 0),
(119, 129, 0),
(120, 130, 0),
(121, 131, 0),
(122, 132, 0),
(123, 133, 0),
(124, 134, 0),
(125, 135, 0),
(126, 136, 0),
(127, 137, 0),
(128, 138, 0),
(129, 139, 0),
(130, 140, 0);

-- --------------------------------------------------------

--
-- 資料表結構 `share_item`
--

CREATE TABLE `share_item` (
  `sh-i_id` int(11) NOT NULL,
  `sh_id` int(11) NOT NULL,
  `m_id` int(11) NOT NULL,
  `quantity` int(11) NOT NULL,
  `comment` varchar(100) COLLATE utf8_bin NOT NULL,
  `shop_id` int(11) NOT NULL
) ENGINE=InnoDB DEFAULT CHARSET=utf8 COLLATE=utf8_bin;

--
-- 資料表的匯出資料 `share_item`
--

INSERT INTO `share_item` (`sh-i_id`, `sh_id`, `m_id`, `quantity`, `comment`, `shop_id`) VALUES
(8, 11, 1, 1, '', 1),
(9, 11, 2, 1, 'heymt', 1),
(10, 11, 1, 1, 'hh', 1),
(11, 12, 0, 0, '', 1),
(12, 12, 2, 1, '', 1),
(13, 13, 0, 0, '', 1),
(14, 13, 2, 3, '', 1),
(15, 13, 2, 1, '', 1),
(16, 13, 1, 1, '', 1),
(17, 14, 0, 0, '', 1),
(18, 14, 1, 1, '', 1),
(19, 14, 2, 1, '', 1),
(20, 15, 0, 0, '', 1),
(21, 15, 2, 4, '', 1),
(22, 15, 1, 2, '', 1),
(23, 15, 2, 1, '', 1),
(24, 16, 2, 1, '', 1),
(25, 17, 2, 2, '', 1),
(26, 17, 2, 1, '', 1),
(27, 18, 2, 2, '', 1),
(28, 18, 2, 1, '', 1),
(29, 18, 2, 2, '', 1),
(30, 18, 2, 1, '', 1),
(31, 18, 1, 1, '', 1),
(32, 19, 2, 2, '', 1),
(33, 19, 2, 1, '', 1),
(34, 19, 2, 2, '', 1),
(35, 19, 2, 1, '', 1),
(36, 19, 1, 1, '', 1),
(37, 19, 2, 2, '', 1),
(38, 19, 2, 1, '', 1),
(39, 19, 1, 1, '', 1),
(40, 20, 2, 1, '', 1),
(41, 20, 2, 1, '', 1),
(42, 21, 2, 1, '', 1),
(43, 21, 2, 1, '', 1),
(44, 21, 1, 1, '', 1),
(45, 22, 1, 1, '', 1),
(46, 23, 1, 1, '', 1),
(47, 23, 2, 1, '', 1),
(48, 23, 2, 1, '', 1),
(49, 24, 1, 1, '', 1),
(50, 24, 2, 1, '', 1),
(51, 24, 2, 1, '', 1),
(52, 24, 2, 1, '', 1),
(53, 25, 2, 2, '', 1),
(54, 25, 1, 1, '', 1),
(55, 26, 2, 2, '', 1),
(56, 26, 1, 1, '', 1),
(57, 26, 1, 1, '', 1),
(58, 27, 2, 1, '', 1),
(59, 27, 1, 2, '', 1),
(60, 28, 1, 1, '', 1),
(61, 28, 2, 5, '', 1),
(62, 29, 2, 1, 'hiiii', 1),
(63, 30, 1, 1, '', 1),
(64, 31, 2, 1, '', 1),
(65, 32, 1, 10, '', 1),
(66, 33, 2, 3, '', 1),
(67, 33, 1, 1, '', 1),
(68, 34, 20, 1, '', 1),
(69, 35, 22, 1, '', 1),
(70, 35, 19, 1, '', 1),
(71, 36, 5, 1, '', 1),
(72, 37, 1, 3, '', 1),
(73, 38, 1, 7, '', 1),
(74, 39, 1, 1, '', 1),
(75, 40, 1, 1, 'test', 1),
(76, 40, 2, 1, '', 1),
(77, 41, 1, 8, '', 1),
(78, 42, 2, 4, '', 1),
(79, 43, 1, 1, '', 1),
(80, 44, 1, 1, '', 1),
(81, 45, 2, 1, '', 1),
(82, 46, 2, 1, '', 1),
(83, 46, 1, 1, '', 1),
(84, 47, 2, 1, '', 1),
(85, 48, 2, 1, '', 1),
(86, 49, 1, 1, '', 1),
(87, 50, 2, 1, '', 1),
(88, 51, 2, 1, '', 1),
(89, 52, 2, 1, '', 1),
(90, 52, 2, 1, '', 1),
(91, 53, 23, 3, '', 1),
(92, 53, 25, 1, '', 1),
(93, 53, 23, 1, '', 1),
(94, 54, 23, 1, '', 1),
(95, 55, 25, 1, '', 1),
(96, 56, 2, 1, '', 1),
(97, 57, 25, 1, '', 1),
(98, 58, 2, 2, '', 1),
(99, 58, 23, 1, '', 1),
(100, 58, 25, 1, '', 1),
(101, 59, 2, 1, '', 1),
(102, 59, 23, 1, '', 1),
(103, 60, 23, 1, '', 1),
(104, 61, 2, 1, '', 1),
(105, 61, 25, 1, '', 1),
(106, 62, 27, 1, '', 1),
(107, 63, 27, 1, '', 1),
(108, 64, 28, 10, '', 1),
(109, 65, 27, 1, '', 1),
(110, 66, 28, 5, '', 1),
(111, 66, 27, 1, '', 1),
(112, 67, 28, 1, '', 1),
(113, 68, 28, 1, '', 1),
(114, 68, 27, 1, '', 1),
(115, 69, 28, 1, '', 1),
(116, 69, 27, 1, '', 1),
(117, 70, 29, 10, '', 1),
(118, 71, 28, 2, '', 1),
(119, 71, 29, 9, '', 1),
(120, 71, 27, 1, '', 1),
(121, 72, 28, 1, '', 1),
(122, 72, 27, 9, '', 1),
(123, 73, 27, 1, '', 1),
(124, 74, 29, 9, '', 1),
(125, 75, 27, 1, '', 1),
(126, 76, 27, 1, '', 1),
(127, 77, 30, 1, '', 1),
(128, 78, 27, 1, '', 1),
(129, 79, 27, 9, '', 1),
(130, 79, 28, 4, '', 1),
(131, 79, 30, 4, '', 1),
(132, 80, 27, 1, '', 1),
(133, 81, 27, 1, '', 1),
(134, 82, 27, 1, '', 1),
(135, 83, 27, 9, '', 1),
(136, 83, 28, 4, '', 1),
(137, 83, 29, 4, '', 1),
(138, 84, 27, 1, '', 1),
(139, 84, 29, 1, '', 1),
(140, 85, 27, 1, '', 1),
(141, 86, 30, 1, '', 1),
(142, 86, 29, 1, '', 1),
(143, 86, 27, 1, '不胡', 1),
(144, 87, 27, 1, '', 1),
(145, 87, 31, 1, '', 1),
(146, 87, 30, 1, '', 1),
(147, 87, 29, 1, '', 1),
(148, 88, 29, 1, '', 1),
(149, 89, 29, 1, '', 1),
(150, 90, 29, 9, '', 1),
(151, 90, 30, 9, '', 1),
(152, 90, 28, 9, '', 1),
(153, 91, 28, 7, '', 1),
(154, 91, 30, 1, '', 1),
(155, 92, 27, 5, '', 1),
(156, 93, 30, 1, '', 1),
(157, 93, 29, 1, '', 1),
(158, 94, 30, 1, '', 1),
(159, 95, 29, 9, '', 1),
(160, 96, 30, 8, '', 1),
(161, 96, 29, 5, '', 1),
(162, 97, 30, 6, '', 1),
(163, 98, 30, 1, '', 1),
(164, 98, 29, 1, '', 1),
(165, 99, 29, 1, '', 1),
(166, 99, 30, 2, '', 1),
(167, 99, 30, 1, '', 1),
(168, 100, 33, 4, '', 1),
(169, 101, 34, 1, '', 1),
(170, 102, 34, 1, '', 1),
(171, 102, 30, 5, '', 1),
(172, 103, 33, 2, '', 1),
(173, 104, 33, 1, '', 1),
(174, 105, 34, 1, '', 1),
(175, 106, 33, 1, '', 1),
(176, 107, 30, 1, '', 1),
(177, 108, 35, 1, '', 1),
(178, 108, 35, 1, '', 1),
(179, 109, 29, 1, '', 1),
(180, 110, 30, 1, '', 1),
(181, 110, 29, 1, '', 1),
(182, 111, 34, 10, '', 1),
(183, 112, 33, 1, '', 1),
(184, 112, 30, 1, '', 1),
(185, 112, 35, 1, '', 1),
(186, 112, 34, 1, '', 1),
(187, 112, 29, 1, '', 1),
(188, 113, 30, 5, '', 1),
(189, 113, 29, 4, '', 1),
(190, 114, 33, 1, '', 1),
(191, 115, 33, 1, 'defat', 1),
(192, 116, 33, 2, 'ddddd', 1),
(193, 117, 33, 2, 'null ', 1),
(194, 118, 33, 2, '11', 1),
(195, 119, 33, 2, '', 1),
(196, 120, 45, 6, '', 1),
(197, 121, 44, 1, '', 1),
(198, 122, 43, 1, '', 1),
(199, 123, 45, 1, '', 1),
(200, 124, 34, 1, '', 1),
(201, 124, 38, 1, '', 1),
(202, 125, 41, 3, '', 1),
(203, 125, 35, 7, '', 1),
(204, 125, 46, 4, '', 1),
(205, 125, 33, 9, '', 1),
(206, 125, 36, 16, '', 1),
(207, 125, 39, 1, '', 1),
(208, 125, 37, 7, '', 1),
(209, 126, 34, 3, '', 1),
(210, 127, 41, 1, '', 1),
(211, 128, 33, 6, '', 1),
(212, 129, 33, 3, '', 1),
(213, 129, 40, 1, '', 1),
(214, 130, 37, 3, '', 1);

-- --------------------------------------------------------

--
-- 資料表結構 `shop`
--

CREATE TABLE `shop` (
  `shop_id` int(11) NOT NULL,
  `shop_name` varchar(100) NOT NULL,
  `shop_address` text NOT NULL,
  `shop_tel` varchar(50) NOT NULL,
  `shop_owner` varchar(50) NOT NULL,
  `shop_account` int(11) NOT NULL,
  `shop_type` int(11) NOT NULL
) ENGINE=InnoDB DEFAULT CHARSET=utf8;

--
-- 資料表的匯出資料 `shop`
--

INSERT INTO `shop` (`shop_id`, `shop_name`, `shop_address`, `shop_tel`, `shop_owner`, `shop_account`, `shop_type`) VALUES
(1, '泰馬里店', '泰馬里隔壁', '0359878787', '老王', 2, 1);

-- --------------------------------------------------------

--
-- 資料表結構 `user`
--

CREATE TABLE `user` (
  `u_id` int(11) NOT NULL,
  `u_name` varchar(50) COLLATE utf8_unicode_ci NOT NULL,
  `u_pass` varchar(64) COLLATE utf8_unicode_ci DEFAULT NULL,
  `u_type` tinyint(3) NOT NULL COMMENT '0: not active, 1: active, 2: staff, 3: admin',
  `shop_id` int(11) NOT NULL
) ENGINE=InnoDB DEFAULT CHARSET=utf8 COLLATE=utf8_unicode_ci;

--
-- 資料表的匯出資料 `user`
--

INSERT INTO `user` (`u_id`, `u_name`, `u_pass`, `u_type`, `shop_id`) VALUES
(1, 'happytea', '8d969eef6ecad3c29a3a629280e686cf0c3f5d5a86aff3ca12020c923adc6c92', 3, 2),
(2, 'wang', '8d969eef6ecad3c29a3a629280e686cf0c3f5d5a86aff3ca12020c923adc6c92', 3, 1),
(3, 'test', '8d969eef6ecad3c29a3a629280e686cf0c3f5d5a86aff3ca12020c923adc6c92', 3, 2);

-- --------------------------------------------------------

--
-- 資料表結構 `user_info`
--

CREATE TABLE `user_info` (
  `ui_id` int(11) NOT NULL,
  `u_id` int(11) NOT NULL,
  `ui_advsecurity` tinyint(1) NOT NULL,
  `ui_occupation` varchar(50) COLLATE utf8_unicode_ci NOT NULL,
  `ui_phone` varchar(20) COLLATE utf8_unicode_ci NOT NULL
) ENGINE=InnoDB DEFAULT CHARSET=utf8 COLLATE=utf8_unicode_ci;

--
-- 資料表的匯出資料 `user_info`
--

INSERT INTO `user_info` (`ui_id`, `u_id`, `ui_advsecurity`, `ui_occupation`, `ui_phone`) VALUES
(1, 1, 1, '學生', '0933592674'),
(15, 20, 0, '', '093592674'),
(16, 21, 0, '', '03255848'),
(17, 22, 0, '', '0303'),
(18, 23, 0, '', ''),
(19, 24, 0, '', ''),
(20, 25, 0, '', ''),
(21, 3, 1, '', '0912345678');

-- --------------------------------------------------------

--
-- 資料表結構 `user_register`
--

CREATE TABLE `user_register` (
  `u_id` int(50) NOT NULL,
  `code` varchar(5) NOT NULL,
  `expiration` int(11) NOT NULL
) ENGINE=InnoDB DEFAULT CHARSET=latin1;

--
-- 資料表的匯出資料 `user_register`
--

INSERT INTO `user_register` (`u_id`, `code`, `expiration`) VALUES
(1, 'bcdf', 123),
(22, 'ea9f', 1470732678);

--
-- 已匯出資料表的索引
--

--
-- 資料表索引 `additional_item`
--
ALTER TABLE `additional_item`
  ADD PRIMARY KEY (`ai_id`);

--
-- 資料表索引 `additional_type`
--
ALTER TABLE `additional_type`
  ADD PRIMARY KEY (`at_id`);

--
-- 資料表索引 `config`
--
ALTER TABLE `config`
  ADD UNIQUE KEY `name` (`name`);

--
-- 資料表索引 `log`
--
ALTER TABLE `log`
  ADD PRIMARY KEY (`log_id`);

--
-- 資料表索引 `main`
--
ALTER TABLE `main`
  ADD PRIMARY KEY (`m_id`);

--
-- 資料表索引 `orders`
--
ALTER TABLE `orders`
  ADD PRIMARY KEY (`o_id`);

--
-- 資料表索引 `required_option`
--
ALTER TABLE `required_option`
  ADD PRIMARY KEY (`ro_id`);

--
-- 資料表索引 `series`
--
ALTER TABLE `series`
  ADD PRIMARY KEY (`s_id`);

--
-- 資料表索引 `sh-i_ai`
--
ALTER TABLE `sh-i_ai`
  ADD PRIMARY KEY (`sh-i_ai_id`);

--
-- 資料表索引 `share`
--
ALTER TABLE `share`
  ADD PRIMARY KEY (`sh_id`);

--
-- 資料表索引 `share_item`
--
ALTER TABLE `share_item`
  ADD PRIMARY KEY (`sh-i_id`);

--
-- 資料表索引 `shop`
--
ALTER TABLE `shop`
  ADD PRIMARY KEY (`shop_id`);

--
-- 資料表索引 `user`
--
ALTER TABLE `user`
  ADD PRIMARY KEY (`u_id`);

--
-- 資料表索引 `user_info`
--
ALTER TABLE `user_info`
  ADD PRIMARY KEY (`ui_id`);

--
-- 資料表索引 `user_register`
--
ALTER TABLE `user_register`
  ADD PRIMARY KEY (`u_id`);

--
-- 在匯出的資料表使用 AUTO_INCREMENT
--

--
-- 使用資料表 AUTO_INCREMENT `additional_item`
--
ALTER TABLE `additional_item`
  MODIFY `ai_id` int(11) NOT NULL AUTO_INCREMENT, AUTO_INCREMENT=36;
--
-- 使用資料表 AUTO_INCREMENT `additional_type`
--
ALTER TABLE `additional_type`
  MODIFY `at_id` int(11) NOT NULL AUTO_INCREMENT, AUTO_INCREMENT=17;
--
-- 使用資料表 AUTO_INCREMENT `log`
--
ALTER TABLE `log`
  MODIFY `log_id` int(11) NOT NULL AUTO_INCREMENT, AUTO_INCREMENT=80;
--
-- 使用資料表 AUTO_INCREMENT `main`
--
ALTER TABLE `main`
  MODIFY `m_id` int(10) UNSIGNED NOT NULL AUTO_INCREMENT, AUTO_INCREMENT=49;
--
-- 使用資料表 AUTO_INCREMENT `orders`
--
ALTER TABLE `orders`
  MODIFY `o_id` int(11) NOT NULL AUTO_INCREMENT, AUTO_INCREMENT=141;
--
-- 使用資料表 AUTO_INCREMENT `required_option`
--
ALTER TABLE `required_option`
  MODIFY `ro_id` int(11) NOT NULL AUTO_INCREMENT, AUTO_INCREMENT=20;
--
-- 使用資料表 AUTO_INCREMENT `series`
--
ALTER TABLE `series`
  MODIFY `s_id` int(11) NOT NULL AUTO_INCREMENT, AUTO_INCREMENT=13;
--
-- 使用資料表 AUTO_INCREMENT `sh-i_ai`
--
ALTER TABLE `sh-i_ai`
  MODIFY `sh-i_ai_id` int(11) NOT NULL AUTO_INCREMENT, AUTO_INCREMENT=250;
--
-- 使用資料表 AUTO_INCREMENT `share`
--
ALTER TABLE `share`
  MODIFY `sh_id` int(11) NOT NULL AUTO_INCREMENT, AUTO_INCREMENT=131;
--
-- 使用資料表 AUTO_INCREMENT `share_item`
--
ALTER TABLE `share_item`
  MODIFY `sh-i_id` int(11) NOT NULL AUTO_INCREMENT, AUTO_INCREMENT=215;
--
-- 使用資料表 AUTO_INCREMENT `shop`
--
ALTER TABLE `shop`
  MODIFY `shop_id` int(11) NOT NULL AUTO_INCREMENT, AUTO_INCREMENT=2;
--
-- 使用資料表 AUTO_INCREMENT `user`
--
ALTER TABLE `user`
  MODIFY `u_id` int(11) NOT NULL AUTO_INCREMENT, AUTO_INCREMENT=3;
--
-- 使用資料表 AUTO_INCREMENT `user_info`
--
ALTER TABLE `user_info`
  MODIFY `ui_id` int(11) NOT NULL AUTO_INCREMENT, AUTO_INCREMENT=21;
/*!40101 SET CHARACTER_SET_CLIENT=@OLD_CHARACTER_SET_CLIENT */;
/*!40101 SET CHARACTER_SET_RESULTS=@OLD_CHARACTER_SET_RESULTS */;
/*!40101 SET COLLATION_CONNECTION=@OLD_COLLATION_CONNECTION */;
